record_id,date,store_id,day_of_week,is_weekend,is_holiday,holiday_name,max_temp_c,rainfall_mm,is_hot_day,is_rainy_day,base_price,discount_pct,is_promo,promo_type,final_price,units_sold
1,2024-01-01,1,Monday,0,1,New Year,29.0,2.4,0,0,12.99,0.0,0,none,12.99,102
2,2024-01-02,1,Tuesday,0,0,None,27.5,9.3,0,1,14.85,0.0,0,none,14.85,82
3,2024-01-03,1,Wednesday,0,0,None,27.1,5.2,0,1,10.92,0.0,0,none,10.92,78
4,2024-01-04,1,Thursday,0,0,None,24.2,0.0,0,0,10.7,0.0,0,none,10.7,76
5,2024-01-05,1,Friday,0,0,None,26.2,0.0,0,0,13.93,0.0,0,none,13.93,81
6,2024-01-06,1,Saturday,1,0,None,25.2,0.8,0,0,10.85,0.0,0,none,10.85,93
7,2024-01-07,1,Sunday,1,0,None,26.8,1.8,0,0,12.2,0.0,0,none,12.2,92
8,2024-01-08,1,Monday,0,0,None,25.9,6.3,0,1,12.6,0.0,0,none,12.6,66
9,2024-01-09,1,Tuesday,0,0,None,25.3,3.8,0,0,14.7,0.2,1,digital,11.76,101
10,2024-01-10,1,Wednesday,0,0,None,29.8,0.0,0,0,14.14,0.0,0,none,14.14,67
11,2024-01-11,1,Thursday,0,0,None,25.3,0.0,0,0,10.7,0.0,0,none,10.7,85
12,2024-01-12,1,Friday,0,0,None,29.8,6.6,0,1,11.79,0.0,0,none,11.79,82
13,2024-01-13,1,Saturday,1,0,None,25.0,7.4,0,1,11.55,0.0,0,none,11.55,97
14,2024-01-14,1,Sunday,1,0,None,26.2,6.3,0,1,10.6,0.0,0,none,10.6,90
15,2024-01-15,1,Monday,0,0,None,29.9,6.2,0,1,13.85,0.0,0,none,13.85,103
16,2024-01-16,1,Tuesday,0,0,None,26.2,1.4,0,0,10.16,0.0,0,none,10.16,80
17,2024-01-17,1,Wednesday,0,0,None,25.2,7.2,0,1,14.54,0.0,0,none,14.54,72
18,2024-01-18,1,Thursday,0,0,None,25.0,0.0,0,0,11.45,0.0,0,none,11.45,86
19,2024-01-19,1,Friday,0,0,None,29.0,7.6,0,1,12.7,0.2,1,flyer,10.16,89
20,2024-01-20,1,Saturday,1,0,None,27.3,1.4,0,0,10.03,0.1,1,bundle,9.03,91
21,2024-01-21,1,Sunday,1,0,None,22.7,4.4,0,0,10.6,0.0,0,none,10.6,96
22,2024-01-22,1,Monday,0,0,None,27.7,3.9,0,0,11.82,0.0,0,none,11.82,64
23,2024-01-23,1,Tuesday,0,0,None,28.0,0.0,0,0,11.42,0.0,0,none,11.42,81
24,2024-01-24,1,Wednesday,0,0,None,27.1,0.4,0,0,14.54,0.0,0,none,14.54,80
25,2024-01-25,1,Thursday,0,0,None,26.9,1.3,0,0,14.93,0.0,0,none,14.93,86
26,2024-01-26,1,Friday,0,0,None,25.7,0.0,0,0,11.84,0.0,0,none,11.84,86
27,2024-01-27,1,Saturday,1,0,None,30.8,8.6,0,1,10.45,0.0,0,none,10.45,83
28,2024-01-28,1,Sunday,1,0,None,29.8,9.8,0,1,12.56,0.0,0,none,12.56,94
29,2024-01-29,1,Monday,0,0,None,29.3,0.0,0,0,13.45,0.0,0,none,13.45,85
30,2024-01-30,1,Tuesday,0,0,None,27.7,1.4,0,0,14.62,0.0,0,none,14.62,73
31,2024-01-31,1,Wednesday,0,0,None,27.3,5.2,0,1,14.09,0.0,0,none,14.09,87
32,2024-02-01,1,Thursday,0,0,None,35.1,1.7,1,0,13.17,0.1,1,digital,11.85,106
33,2024-02-02,1,Friday,0,0,None,27.5,0.0,0,0,14.49,0.0,0,none,14.49,82
34,2024-02-03,1,Saturday,1,0,None,30.7,0.3,0,0,14.49,0.0,0,none,14.49,94
35,2024-02-04,1,Sunday,1,0,None,30.6,0.1,0,0,10.8,0.0,0,none,10.8,107
36,2024-02-05,1,Monday,0,0,None,30.9,0.0,0,0,11.19,0.0,0,none,11.19,85
37,2024-02-06,1,Tuesday,0,0,None,32.3,0.0,1,0,14.25,0.0,0,none,14.25,103
38,2024-02-07,1,Wednesday,0,0,None,33.8,2.0,1,0,11.22,0.0,0,none,11.22,90
39,2024-02-08,1,Thursday,0,0,None,29.8,4.4,0,0,13.97,0.3,1,bundle,9.78,131
40,2024-02-09,1,Friday,0,0,None,30.2,0.0,0,0,11.4,0.0,0,none,11.4,80
41,2024-02-10,1,Saturday,1,1,Holiday_A,30.1,2.5,0,0,14.7,0.0,0,none,14.7,119
42,2024-02-11,1,Sunday,1,0,None,31.5,1.2,0,0,14.26,0.0,0,none,14.26,98
43,2024-02-12,1,Monday,0,0,None,28.1,0.9,0,0,14.68,0.0,0,none,14.68,85
44,2024-02-13,1,Tuesday,0,0,None,33.5,3.9,1,0,12.59,0.2,1,bundle,10.07,113
45,2024-02-14,1,Wednesday,0,0,None,30.7,5.2,0,1,13.51,0.0,0,none,13.51,65
46,2024-02-15,1,Thursday,0,0,None,28.1,5.1,0,1,12.56,0.1,1,digital,11.3,89
47,2024-02-16,1,Friday,0,0,None,32.9,3.0,1,0,13.51,0.0,0,none,13.51,98
48,2024-02-17,1,Saturday,1,0,None,30.4,0.0,0,0,12.89,0.0,0,none,12.89,80
49,2024-02-18,1,Sunday,1,0,None,29.9,0.9,0,0,11.43,0.0,0,none,11.43,89
50,2024-02-19,1,Monday,0,0,None,30.2,0.0,0,0,13.85,0.0,0,none,13.85,77
51,2024-02-20,1,Tuesday,0,0,None,31.1,0.0,0,0,10.26,0.0,0,none,10.26,99
52,2024-02-21,1,Wednesday,0,0,None,33.7,8.5,1,1,10.21,0.2,1,flyer,8.17,120
53,2024-02-22,1,Thursday,0,0,None,27.4,0.0,0,0,11.25,0.0,0,none,11.25,94
54,2024-02-23,1,Friday,0,0,None,28.6,0.0,0,0,10.91,0.0,0,none,10.91,77
55,2024-02-24,1,Saturday,1,1,Holiday_B,30.4,5.3,0,1,13.29,0.0,0,none,13.29,127
56,2024-02-25,1,Sunday,1,0,None,29.1,3.3,0,0,10.6,0.0,0,none,10.6,87
57,2024-02-26,1,Monday,0,0,None,28.6,1.9,0,0,11.56,0.0,0,none,11.56,76
58,2024-02-27,1,Tuesday,0,0,None,32.2,11.5,1,1,14.75,0.0,0,none,14.75,87
59,2024-02-28,1,Wednesday,0,0,None,29.4,5.1,0,1,14.67,0.0,0,none,14.67,101
60,2024-02-29,1,Thursday,0,0,None,30.2,6.9,0,1,14.34,0.2,1,display,11.47,107
61,2024-03-01,1,Friday,0,1,Holiday_C,34.3,5.1,1,1,12.87,0.0,0,none,12.87,120
62,2024-03-02,1,Saturday,1,0,None,31.5,4.8,0,0,10.98,0.2,1,bundle,8.78,123
63,2024-03-03,1,Sunday,1,0,None,31.0,3.8,0,0,14.22,0.0,0,none,14.22,87
64,2024-03-04,1,Monday,0,0,None,31.3,6.8,0,1,14.84,0.1,1,display,13.36,97
65,2024-03-05,1,Tuesday,0,0,None,27.6,8.6,0,1,12.88,0.0,0,none,12.88,71
66,2024-03-06,1,Wednesday,0,0,None,32.8,5.0,1,1,12.14,0.1,1,digital,10.93,90
67,2024-03-07,1,Thursday,0,0,None,33.7,6.3,1,1,14.51,0.0,0,none,14.51,102
68,2024-03-08,1,Friday,0,0,None,32.0,5.7,1,1,10.05,0.0,0,none,10.05,89
69,2024-03-09,1,Saturday,1,0,None,32.6,2.5,1,0,13.16,0.3,1,flyer,9.21,136
70,2024-03-10,1,Sunday,1,0,None,31.1,7.8,0,1,13.95,0.3,1,digital,9.76,109
71,2024-03-11,1,Monday,0,0,None,32.0,0.0,1,0,12.75,0.0,0,none,12.75,104
72,2024-03-12,1,Tuesday,0,0,None,31.7,0.0,0,0,13.81,0.0,0,none,13.81,77
73,2024-03-13,1,Wednesday,0,0,None,30.4,4.0,0,0,13.5,0.0,0,none,13.5,76
74,2024-03-14,1,Thursday,0,0,None,32.5,0.0,1,0,14.93,0.3,1,bundle,10.45,119
75,2024-03-15,1,Friday,0,0,None,30.7,8.4,0,1,13.89,0.0,0,none,13.89,60
76,2024-03-16,1,Saturday,1,0,None,35.1,1.8,1,0,10.28,0.0,0,none,10.28,110
77,2024-03-17,1,Sunday,1,0,None,34.5,6.1,1,1,14.81,0.0,0,none,14.81,93
78,2024-03-18,1,Monday,0,0,None,30.3,1.6,0,0,12.78,0.1,1,digital,11.5,93
79,2024-03-19,1,Tuesday,0,0,None,31.5,2.6,0,0,12.77,0.1,1,digital,11.49,90
80,2024-03-20,1,Wednesday,0,0,None,33.0,8.8,1,1,13.14,0.0,0,none,13.14,99
81,2024-03-21,1,Thursday,0,0,None,33.7,3.7,1,0,11.4,0.0,0,none,11.4,114
82,2024-03-22,1,Friday,0,0,None,30.4,0.0,0,0,11.77,0.0,0,none,11.77,75
83,2024-03-23,1,Saturday,1,0,None,30.5,3.6,0,0,10.16,0.3,1,flyer,7.11,120
84,2024-03-24,1,Sunday,1,0,None,28.8,0.0,0,0,10.38,0.0,0,none,10.38,97
85,2024-03-25,1,Monday,0,0,None,31.8,5.6,0,1,14.6,0.0,0,none,14.6,66
86,2024-03-26,1,Tuesday,0,0,None,32.4,8.6,1,1,14.93,0.0,0,none,14.93,88
87,2024-03-27,1,Wednesday,0,0,None,34.7,0.3,1,0,14.15,0.0,0,none,14.15,90
88,2024-03-28,1,Thursday,0,0,None,32.2,4.4,1,0,14.57,0.0,0,none,14.57,111
89,2024-03-29,1,Friday,0,0,None,35.2,5.4,1,1,11.21,0.3,1,display,7.85,119
90,2024-03-30,1,Saturday,1,0,None,30.4,0.0,0,0,11.34,0.2,1,digital,9.07,109
91,2024-03-31,1,Sunday,1,0,None,32.0,1.3,1,0,14.16,0.0,0,none,14.16,118
92,2024-04-01,1,Monday,0,0,None,33.9,4.7,1,0,12.1,0.0,0,none,12.1,107
93,2024-04-02,1,Tuesday,0,0,None,36.2,7.9,1,1,13.09,0.3,1,flyer,9.16,124
94,2024-04-03,1,Wednesday,0,0,None,35.5,6.3,1,1,13.63,0.0,0,none,13.63,108
95,2024-04-04,1,Thursday,0,0,None,30.9,10.8,0,1,12.62,0.2,1,bundle,10.1,102
96,2024-04-05,1,Friday,0,0,None,36.3,7.8,1,1,13.1,0.1,1,flyer,11.79,101
97,2024-04-06,1,Saturday,1,1,Holiday_D,32.7,0.6,1,0,11.71,0.0,0,none,11.71,126
98,2024-04-07,1,Sunday,1,0,None,39.1,0.0,1,0,10.9,0.0,0,none,10.9,122
99,2024-04-08,1,Monday,0,1,Holiday_E,33.5,9.7,1,1,14.87,0.3,1,display,10.41,150
100,2024-04-09,1,Tuesday,0,0,None,36.0,1.0,1,0,10.16,0.0,0,none,10.16,104
101,2024-01-01,2,Monday,0,1,New Year,31.4,12.5,0,1,14.47,0.0,0,none,14.47,121
102,2024-01-02,2,Tuesday,0,0,None,26.4,0.5,0,0,13.44,0.0,0,none,13.44,98
103,2024-01-03,2,Wednesday,0,0,None,25.5,3.2,0,0,10.01,0.0,0,none,10.01,101
104,2024-01-04,2,Thursday,0,0,None,28.1,6.2,0,1,13.8,0.0,0,none,13.8,96
105,2024-01-05,2,Friday,0,0,None,31.6,4.0,0,0,10.74,0.0,0,none,10.74,103
106,2024-01-06,2,Saturday,1,0,None,26.4,4.9,0,0,14.34,0.0,0,none,14.34,120
107,2024-01-07,2,Sunday,1,0,None,25.7,0.0,0,0,13.69,0.0,0,none,13.69,117
108,2024-01-08,2,Monday,0,0,None,25.4,0.0,0,0,12.37,0.0,0,none,12.37,102
109,2024-01-09,2,Tuesday,0,0,None,30.7,0.0,0,0,12.92,0.0,0,none,12.92,103
110,2024-01-10,2,Wednesday,0,0,None,31.3,8.9,0,1,11.69,0.0,0,none,11.69,111
111,2024-01-11,2,Thursday,0,0,None,28.5,6.4,0,1,12.49,0.0,0,none,12.49,99
112,2024-01-12,2,Friday,0,0,None,27.6,2.2,0,0,14.03,0.2,1,flyer,11.22,106
113,2024-01-13,2,Saturday,1,0,None,28.3,6.6,0,1,14.88,0.3,1,flyer,10.42,163
114,2024-01-14,2,Sunday,1,0,None,27.9,5.3,0,1,12.38,0.0,0,none,12.38,116
115,2024-01-15,2,Monday,0,0,None,27.1,5.0,0,1,12.54,0.3,1,digital,8.78,126
116,2024-01-16,2,Tuesday,0,0,None,27.4,0.0,0,0,10.77,0.0,0,none,10.77,106
117,2024-01-17,2,Wednesday,0,0,None,33.6,0.0,1,0,11.68,0.0,0,none,11.68,115
118,2024-01-18,2,Thursday,0,0,None,29.5,7.4,0,1,12.36,0.0,0,none,12.36,101
119,2024-01-19,2,Friday,0,0,None,24.5,0.0,0,0,14.83,0.2,1,digital,11.86,127
120,2024-01-20,2,Saturday,1,0,None,26.8,3.3,0,0,14.21,0.0,0,none,14.21,114
121,2024-01-21,2,Sunday,1,0,None,28.7,1.4,0,0,10.82,0.0,0,none,10.82,118
122,2024-01-22,2,Monday,0,0,None,27.2,4.2,0,0,14.39,0.0,0,none,14.39,117
123,2024-01-23,2,Tuesday,0,0,None,30.4,1.4,0,0,11.88,0.0,0,none,11.88,85
124,2024-01-24,2,Wednesday,0,0,None,27.3,3.1,0,0,14.5,0.0,0,none,14.5,113
125,2024-01-25,2,Thursday,0,0,None,29.7,0.0,0,0,10.58,0.3,1,bundle,7.41,137
126,2024-01-26,2,Friday,0,0,None,29.1,0.0,0,0,12.67,0.1,1,display,11.4,109
127,2024-01-27,2,Saturday,1,0,None,28.4,4.0,0,0,11.56,0.0,0,none,11.56,122
128,2024-01-28,2,Sunday,1,0,None,26.3,3.3,0,0,11.71,0.3,1,flyer,8.2,153
129,2024-01-29,2,Monday,0,0,None,30.6,1.2,0,0,11.15,0.0,0,none,11.15,108
130,2024-01-30,2,Tuesday,0,0,None,29.9,8.5,0,1,11.26,0.0,0,none,11.26,103
131,2024-01-31,2,Wednesday,0,0,None,25.9,0.9,0,0,12.0,0.2,1,flyer,9.6,129
132,2024-02-01,2,Thursday,0,0,None,29.9,4.1,0,0,13.06,0.0,0,none,13.06,91
133,2024-02-02,2,Friday,0,0,None,30.2,5.9,0,1,14.61,0.0,0,none,14.61,89
134,2024-02-03,2,Saturday,1,0,None,30.9,10.5,0,1,13.68,0.0,0,none,13.68,120
135,2024-02-04,2,Sunday,1,0,None,28.0,2.5,0,0,10.62,0.2,1,digital,8.5,163
136,2024-02-05,2,Monday,0,0,None,31.0,0.6,0,0,14.01,0.0,0,none,14.01,99
137,2024-02-06,2,Tuesday,0,0,None,31.7,0.0,0,0,11.73,0.2,1,bundle,9.38,121
138,2024-02-07,2,Wednesday,0,0,None,33.3,2.0,1,0,10.88,0.0,0,none,10.88,108
139,2024-02-08,2,Thursday,0,0,None,24.6,2.8,0,0,12.9,0.1,1,display,11.61,104
140,2024-02-09,2,Friday,0,0,None,31.0,0.0,0,0,12.98,0.1,1,bundle,11.68,111
141,2024-02-10,2,Saturday,1,1,Holiday_A,30.0,2.9,0,0,14.49,0.0,0,none,14.49,145
142,2024-02-11,2,Sunday,1,0,None,28.9,2.9,0,0,10.33,0.0,0,none,10.33,111
143,2024-02-12,2,Monday,0,0,None,29.5,9.0,0,1,12.2,0.0,0,none,12.2,105
144,2024-02-13,2,Tuesday,0,0,None,25.9,1.6,0,0,11.87,0.3,1,bundle,8.31,133
145,2024-02-14,2,Wednesday,0,0,None,31.7,0.0,0,0,10.13,0.0,0,none,10.13,104
146,2024-02-15,2,Thursday,0,0,None,28.5,2.6,0,0,11.16,0.0,0,none,11.16,100
147,2024-02-16,2,Friday,0,0,None,30.2,2.5,0,0,13.26,0.0,0,none,13.26,97
148,2024-02-17,2,Saturday,1,0,None,29.5,6.3,0,1,11.99,0.3,1,digital,8.39,141
149,2024-02-18,2,Sunday,1,0,None,27.8,5.5,0,1,14.48,0.0,0,none,14.48,112
150,2024-02-19,2,Monday,0,0,None,27.5,6.7,0,1,14.13,0.3,1,flyer,9.89,128
151,2024-02-20,2,Tuesday,0,0,None,29.3,2.6,0,0,13.87,0.1,1,flyer,12.48,120
152,2024-02-21,2,Wednesday,0,0,None,29.3,1.6,0,0,14.93,0.0,0,none,14.93,102
153,2024-02-22,2,Thursday,0,0,None,27.3,2.5,0,0,12.56,0.0,0,none,12.56,107
154,2024-02-23,2,Friday,0,0,None,32.1,0.0,1,0,12.11,0.0,0,none,12.11,116
155,2024-02-24,2,Saturday,1,1,Holiday_B,32.2,7.6,1,1,12.88,0.1,1,flyer,11.59,194
156,2024-02-25,2,Sunday,1,0,None,26.6,7.1,0,1,10.05,0.0,0,none,10.05,113
157,2024-02-26,2,Monday,0,0,None,30.5,6.9,0,1,13.33,0.0,0,none,13.33,80
158,2024-02-27,2,Tuesday,0,0,None,27.4,0.5,0,0,13.69,0.0,0,none,13.69,100
159,2024-02-28,2,Wednesday,0,0,None,30.4,0.0,0,0,11.95,0.0,0,none,11.95,93
160,2024-02-29,2,Thursday,0,0,None,27.3,0.0,0,0,12.38,0.0,0,none,12.38,108
161,2024-03-01,2,Friday,0,1,Holiday_C,33.0,3.7,1,0,11.07,0.0,0,none,11.07,151
162,2024-03-02,2,Saturday,1,0,None,32.2,13.2,1,1,13.85,0.0,0,none,13.85,130
163,2024-03-03,2,Sunday,1,0,None,31.9,10.1,0,1,12.17,0.0,0,none,12.17,115
164,2024-03-04,2,Monday,0,0,None,30.9,5.5,0,1,12.95,0.0,0,none,12.95,103
165,2024-03-05,2,Tuesday,0,0,None,30.5,2.0,0,0,14.75,0.1,1,display,13.28,101
166,2024-03-06,2,Wednesday,0,0,None,31.5,7.3,0,1,14.03,0.0,0,none,14.03,96
167,2024-03-07,2,Thursday,0,0,None,34.6,7.2,1,1,12.45,0.1,1,flyer,11.2,131
168,2024-03-08,2,Friday,0,0,None,32.4,4.1,1,0,13.49,0.2,1,bundle,10.79,139
169,2024-03-09,2,Saturday,1,0,None,32.9,2.1,1,0,12.37,0.3,1,display,8.66,188
170,2024-03-10,2,Sunday,1,0,None,32.1,6.8,1,1,12.98,0.0,0,none,12.98,127
171,2024-03-11,2,Monday,0,0,None,31.1,1.8,0,0,13.48,0.0,0,none,13.48,110
172,2024-03-12,2,Tuesday,0,0,None,30.2,2.3,0,0,13.95,0.0,0,none,13.95,96
173,2024-03-13,2,Wednesday,0,0,None,34.1,0.0,1,0,11.16,0.2,1,digital,8.93,155
174,2024-03-14,2,Thursday,0,0,None,32.1,7.9,1,1,12.4,0.0,0,none,12.4,109
175,2024-03-15,2,Friday,0,0,None,33.8,4.3,1,0,12.09,0.2,1,flyer,9.67,161
176,2024-03-16,2,Saturday,1,0,None,31.0,1.3,0,0,11.44,0.0,0,none,11.44,113
177,2024-03-17,2,Sunday,1,0,None,30.0,0.0,0,0,10.09,0.0,0,none,10.09,115
178,2024-03-18,2,Monday,0,0,None,32.5,9.2,1,1,14.75,0.0,0,none,14.75,106
179,2024-03-19,2,Tuesday,0,0,None,34.0,2.1,1,0,13.07,0.3,1,flyer,9.15,173
180,2024-03-20,2,Wednesday,0,0,None,35.2,0.0,1,0,11.1,0.0,0,none,11.1,121
181,2024-03-21,2,Thursday,0,0,None,33.1,0.5,1,0,10.29,0.0,0,none,10.29,117
182,2024-03-22,2,Friday,0,0,None,29.7,6.2,0,1,14.08,0.0,0,none,14.08,103
183,2024-03-23,2,Saturday,1,0,None,30.6,0.2,0,0,12.96,0.0,0,none,12.96,108
184,2024-03-24,2,Sunday,1,0,None,32.3,1.5,1,0,14.44,0.0,0,none,14.44,143
185,2024-03-25,2,Monday,0,0,None,33.1,7.3,1,1,10.43,0.0,0,none,10.43,100
186,2024-03-26,2,Tuesday,0,0,None,29.5,6.5,0,1,10.41,0.0,0,none,10.41,87
187,2024-03-27,2,Wednesday,0,0,None,33.4,0.0,1,0,14.26,0.0,0,none,14.26,92
188,2024-03-28,2,Thursday,0,0,None,30.3,7.8,0,1,13.39,0.0,0,none,13.39,98
189,2024-03-29,2,Friday,0,0,None,28.7,4.9,0,0,13.29,0.3,1,digital,9.3,143
190,2024-03-30,2,Saturday,1,0,None,33.0,7.3,1,1,13.76,0.0,0,none,13.76,140
191,2024-03-31,2,Sunday,1,0,None,31.7,3.6,0,0,13.72,0.0,0,none,13.72,118
192,2024-04-01,2,Monday,0,0,None,34.2,3.1,1,0,11.44,0.0,0,none,11.44,130
193,2024-04-02,2,Tuesday,0,0,None,35.4,3.2,1,0,11.3,0.0,0,none,11.3,125
194,2024-04-03,2,Wednesday,0,0,None,39.3,1.8,1,0,14.81,0.2,1,display,11.85,151
195,2024-04-04,2,Thursday,0,0,None,37.4,0.0,1,0,14.69,0.1,1,flyer,13.22,131
196,2024-04-05,2,Friday,0,0,None,35.4,7.3,1,1,12.91,0.0,0,none,12.91,106
197,2024-04-06,2,Saturday,1,1,Holiday_D,37.4,0.0,1,0,14.36,0.0,0,none,14.36,175
198,2024-04-07,2,Sunday,1,0,None,35.8,9.3,1,1,12.23,0.0,0,none,12.23,131
199,2024-04-08,2,Monday,0,1,Holiday_E,32.1,0.0,1,0,13.97,0.0,0,none,13.97,148
200,2024-04-09,2,Tuesday,0,0,None,36.4,4.0,1,0,11.37,0.0,0,none,11.37,115
201,2024-01-01,3,Monday,0,1,New Year,29.3,2.6,0,0,13.19,0.0,0,none,13.19,144
202,2024-01-02,3,Tuesday,0,0,None,26.6,2.8,0,0,11.07,0.3,1,flyer,7.75,165
203,2024-01-03,3,Wednesday,0,0,None,28.1,2.1,0,0,14.32,0.0,0,none,14.32,124
204,2024-01-04,3,Thursday,0,0,None,27.9,4.1,0,0,14.22,0.3,1,bundle,9.95,161
205,2024-01-05,3,Friday,0,0,None,29.3,8.3,0,1,10.16,0.0,0,none,10.16,116
206,2024-01-06,3,Saturday,1,0,None,29.4,2.6,0,0,10.63,0.0,0,none,10.63,150
207,2024-01-07,3,Sunday,1,0,None,26.6,10.2,0,1,12.46,0.0,0,none,12.46,132
208,2024-01-08,3,Monday,0,0,None,26.6,6.4,0,1,12.28,0.0,0,none,12.28,109
209,2024-01-09,3,Tuesday,0,0,None,27.1,0.0,0,0,11.46,0.0,0,none,11.46,126
210,2024-01-10,3,Wednesday,0,0,None,28.9,0.0,0,0,14.93,0.0,0,none,14.93,120
211,2024-01-11,3,Thursday,0,0,None,28.0,0.0,0,0,13.51,0.0,0,none,13.51,118
212,2024-01-12,3,Friday,0,0,None,28.1,3.8,0,0,11.75,0.0,0,none,11.75,104
213,2024-01-13,3,Saturday,1,0,None,26.0,1.9,0,0,13.45,0.0,0,none,13.45,133
214,2024-01-14,3,Sunday,1,0,None,29.1,8.6,0,1,14.68,0.0,0,none,14.68,138
215,2024-01-15,3,Monday,0,0,None,28.1,0.4,0,0,14.35,0.0,0,none,14.35,127
216,2024-01-16,3,Tuesday,0,0,None,29.3,7.2,0,1,14.47,0.0,0,none,14.47,110
217,2024-01-17,3,Wednesday,0,0,None,30.6,3.8,0,0,13.22,0.0,0,none,13.22,134
218,2024-01-18,3,Thursday,0,0,None,28.4,0.4,0,0,14.88,0.2,1,bundle,11.9,145
219,2024-01-19,3,Friday,0,0,None,25.9,0.9,0,0,12.49,0.3,1,digital,8.74,177
220,2024-01-20,3,Saturday,1,0,None,28.9,3.2,0,0,13.4,0.0,0,none,13.4,139
221,2024-01-21,3,Sunday,1,0,None,27.5,0.0,0,0,13.71,0.3,1,flyer,9.6,173
222,2024-01-22,3,Monday,0,0,None,26.2,0.0,0,0,12.43,0.0,0,none,12.43,136
223,2024-01-23,3,Tuesday,0,0,None,24.7,0.7,0,0,14.56,0.0,0,none,14.56,124
224,2024-01-24,3,Wednesday,0,0,None,25.5,8.5,0,1,13.58,0.0,0,none,13.58,120
225,2024-01-25,3,Thursday,0,0,None,28.6,1.8,0,0,11.24,0.0,0,none,11.24,119
226,2024-01-26,3,Friday,0,0,None,30.1,0.0,0,0,10.82,0.0,0,none,10.82,122
227,2024-01-27,3,Saturday,1,0,None,28.7,2.7,0,0,13.28,0.0,0,none,13.28,147
228,2024-01-28,3,Sunday,1,0,None,26.6,0.0,0,0,10.85,0.0,0,none,10.85,136
229,2024-01-29,3,Monday,0,0,None,23.8,4.0,0,0,11.24,0.1,1,display,10.12,146
230,2024-01-30,3,Tuesday,0,0,None,29.7,1.6,0,0,13.68,0.0,0,none,13.68,117
231,2024-01-31,3,Wednesday,0,0,None,27.4,11.3,0,1,12.79,0.3,1,bundle,8.95,151
232,2024-02-01,3,Thursday,0,0,None,30.1,0.0,0,0,10.44,0.0,0,none,10.44,125
233,2024-02-02,3,Friday,0,0,None,30.4,0.0,0,0,11.99,0.0,0,none,11.99,136
234,2024-02-03,3,Saturday,1,0,None,29.6,3.3,0,0,12.61,0.0,0,none,12.61,141
235,2024-02-04,3,Sunday,1,0,None,30.9,0.0,0,0,10.66,0.0,0,none,10.66,132
236,2024-02-05,3,Monday,0,0,None,31.0,5.4,0,1,11.17,0.0,0,none,11.17,108
237,2024-02-06,3,Tuesday,0,0,None,29.8,2.9,0,0,14.15,0.0,0,none,14.15,123
238,2024-02-07,3,Wednesday,0,0,None,31.0,3.8,0,0,14.7,0.1,1,bundle,13.23,132
239,2024-02-08,3,Thursday,0,0,None,31.0,7.0,0,1,11.74,0.0,0,none,11.74,117
240,2024-02-09,3,Friday,0,0,None,27.8,6.2,0,1,10.45,0.1,1,display,9.4,124
241,2024-02-10,3,Saturday,1,1,Holiday_A,28.8,1.7,0,0,13.83,0.0,0,none,13.83,179
242,2024-02-11,3,Sunday,1,0,None,31.5,6.2,0,1,11.48,0.0,0,none,11.48,128
243,2024-02-12,3,Monday,0,0,None,27.3,7.7,0,1,13.05,0.0,0,none,13.05,98
244,2024-02-13,3,Tuesday,0,0,None,32.1,11.8,1,1,12.22,0.0,0,none,12.22,146
245,2024-02-14,3,Wednesday,0,0,None,30.1,2.1,0,0,13.21,0.0,0,none,13.21,120
246,2024-02-15,3,Thursday,0,0,None,33.2,5.5,1,1,11.71,0.1,1,display,10.54,154
247,2024-02-16,3,Friday,0,0,None,27.2,0.0,0,0,12.67,0.0,0,none,12.67,131
248,2024-02-17,3,Saturday,1,0,None,31.1,5.4,0,1,10.98,0.1,1,display,9.88,154
249,2024-02-18,3,Sunday,1,0,None,29.5,4.6,0,0,14.67,0.3,1,digital,10.27,182
250,2024-02-19,3,Monday,0,0,None,29.4,0.0,0,0,11.54,0.0,0,none,11.54,119
251,2024-02-20,3,Tuesday,0,0,None,30.4,8.6,0,1,13.05,0.0,0,none,13.05,106
252,2024-02-21,3,Wednesday,0,0,None,31.9,0.0,0,0,13.41,0.0,0,none,13.41,118
253,2024-02-22,3,Thursday,0,0,None,30.2,0.0,0,0,10.53,0.0,0,none,10.53,107
254,2024-02-23,3,Friday,0,0,None,30.9,2.9,0,0,10.22,0.1,1,digital,9.2,139
255,2024-02-24,3,Saturday,1,1,Holiday_B,30.9,3.6,0,0,14.1,0.0,0,none,14.1,177
256,2024-02-25,3,Sunday,1,0,None,30.8,5.0,0,1,14.2,0.0,0,none,14.2,121
257,2024-02-26,3,Monday,0,0,None,29.4,6.0,0,1,13.9,0.0,0,none,13.9,120
258,2024-02-27,3,Tuesday,0,0,None,28.9,10.3,0,1,13.12,0.0,0,none,13.12,107
259,2024-02-28,3,Wednesday,0,0,None,34.4,0.0,1,0,13.68,0.0,0,none,13.68,141
260,2024-02-29,3,Thursday,0,0,None,30.9,7.9,0,1,11.16,0.0,0,none,11.16,127
261,2024-03-01,3,Friday,0,1,Holiday_C,34.9,0.0,1,0,14.94,0.0,0,none,14.94,191
262,2024-03-02,3,Saturday,1,0,None,30.5,0.0,0,0,13.46,0.0,0,none,13.46,123
263,2024-03-03,3,Sunday,1,0,None,32.6,0.9,1,0,11.37,0.0,0,none,11.37,157
264,2024-03-04,3,Monday,0,0,None,30.6,0.7,0,0,10.34,0.0,0,none,10.34,118
265,2024-03-05,3,Tuesday,0,0,None,30.8,5.8,0,1,14.4,0.0,0,none,14.4,118
266,2024-03-06,3,Wednesday,0,0,None,36.2,0.0,1,0,14.97,0.0,0,none,14.97,134
267,2024-03-07,3,Thursday,0,0,None,33.4,10.8,1,1,12.33,0.0,0,none,12.33,138
268,2024-03-08,3,Friday,0,0,None,30.6,0.0,0,0,10.48,0.0,0,none,10.48,125
269,2024-03-09,3,Saturday,1,0,None,35.2,1.8,1,0,13.32,0.0,0,none,13.32,161
270,2024-03-10,3,Sunday,1,0,None,29.2,3.3,0,0,13.12,0.1,1,digital,11.81,161
271,2024-03-11,3,Monday,0,0,None,32.4,1.8,1,0,14.13,0.0,0,none,14.13,150
272,2024-03-12,3,Tuesday,0,0,None,33.9,0.0,1,0,14.68,0.0,0,none,14.68,133
273,2024-03-13,3,Wednesday,0,0,None,28.3,5.0,0,1,12.24,0.0,0,none,12.24,117
274,2024-03-14,3,Thursday,0,0,None,37.0,3.0,1,0,11.04,0.1,1,digital,9.94,168
275,2024-03-15,3,Friday,0,0,None,31.1,7.7,0,1,14.03,0.2,1,flyer,11.22,136
276,2024-03-16,3,Saturday,1,0,None,34.0,2.3,1,0,13.47,0.0,0,none,13.47,160
277,2024-03-17,3,Sunday,1,0,None,32.1,3.0,1,0,14.11,0.0,0,none,14.11,165
278,2024-03-18,3,Monday,0,0,None,33.6,8.6,1,1,12.51,0.0,0,none,12.51,141
279,2024-03-19,3,Tuesday,0,0,None,29.9,1.8,0,0,10.34,0.0,0,none,10.34,120
280,2024-03-20,3,Wednesday,0,0,None,33.1,2.7,1,0,12.53,0.0,0,none,12.53,148
281,2024-03-21,3,Thursday,0,0,None,30.1,2.4,0,0,11.08,0.0,0,none,11.08,132
282,2024-03-22,3,Friday,0,0,None,34.4,2.1,1,0,14.97,0.0,0,none,14.97,156
283,2024-03-23,3,Saturday,1,0,None,32.3,1.7,1,0,10.71,0.3,1,display,7.5,222
284,2024-03-24,3,Sunday,1,0,None,30.6,4.2,0,0,12.55,0.0,0,none,12.55,133
285,2024-03-25,3,Monday,0,0,None,28.9,6.6,0,1,12.64,0.0,0,none,12.64,106
286,2024-03-26,3,Tuesday,0,0,None,31.6,2.5,0,0,11.84,0.0,0,none,11.84,128
287,2024-03-27,3,Wednesday,0,0,None,34.4,1.7,1,0,13.85,0.0,0,none,13.85,144
288,2024-03-28,3,Thursday,0,0,None,31.7,1.4,0,0,13.8,0.0,0,none,13.8,120
289,2024-03-29,3,Friday,0,0,None,32.2,0.0,1,0,10.06,0.0,0,none,10.06,136
290,2024-03-30,3,Saturday,1,0,None,31.9,0.0,0,0,12.44,0.3,1,display,8.71,204
291,2024-03-31,3,Sunday,1,0,None,31.1,0.0,0,0,12.38,0.0,0,none,12.38,127
292,2024-04-01,3,Monday,0,0,None,31.8,8.9,0,1,13.93,0.1,1,digital,12.54,126
293,2024-04-02,3,Tuesday,0,0,None,37.3,0.0,1,0,11.27,0.0,0,none,11.27,143
294,2024-04-03,3,Wednesday,0,0,None,36.8,8.6,1,1,14.45,0.1,1,bundle,13.0,163
295,2024-04-04,3,Thursday,0,0,None,37.0,2.5,1,0,14.94,0.0,0,none,14.94,139
296,2024-04-05,3,Friday,0,0,None,34.8,7.4,1,1,10.18,0.0,0,none,10.18,141
297,2024-04-06,3,Saturday,1,1,Holiday_D,30.1,3.7,0,0,14.96,0.0,0,none,14.96,175
298,2024-04-07,3,Sunday,1,0,None,37.4,8.0,1,1,10.41,0.2,1,flyer,8.33,177
299,2024-04-08,3,Monday,0,1,Holiday_E,36.9,3.1,1,0,11.91,0.1,1,display,10.72,207
300,2024-04-09,3,Tuesday,0,0,None,34.5,8.3,1,1,12.65,0.0,0,none,12.65,141
301,2024-01-01,4,Monday,0,1,New Year,26.7,6.7,0,1,12.91,0.2,1,display,10.33,144
302,2024-01-02,4,Tuesday,0,0,None,29.2,0.0,0,0,14.64,0.0,0,none,14.64,93
303,2024-01-03,4,Wednesday,0,0,None,26.8,0.0,0,0,12.2,0.0,0,none,12.2,95
304,2024-01-04,4,Thursday,0,0,None,28.3,1.1,0,0,14.43,0.0,0,none,14.43,87
305,2024-01-05,4,Friday,0,0,None,25.3,6.7,0,1,14.23,0.3,1,bundle,9.96,115
306,2024-01-06,4,Saturday,1,0,None,28.6,2.0,0,0,10.9,0.2,1,bundle,8.72,141
307,2024-01-07,4,Sunday,1,0,None,27.7,1.5,0,0,12.7,0.1,1,flyer,11.43,112
308,2024-01-08,4,Monday,0,0,None,28.6,0.6,0,0,10.75,0.3,1,bundle,7.52,125
309,2024-01-09,4,Tuesday,0,0,None,26.1,0.0,0,0,13.06,0.1,1,digital,11.75,102
310,2024-01-10,4,Wednesday,0,0,None,26.3,2.3,0,0,12.79,0.0,0,none,12.79,98
311,2024-01-11,4,Thursday,0,0,None,29.2,6.1,0,1,14.4,0.3,1,digital,10.08,106
312,2024-01-12,4,Friday,0,0,None,30.2,6.0,0,1,13.44,0.0,0,none,13.44,90
313,2024-01-13,4,Saturday,1,0,None,29.4,0.0,0,0,14.24,0.0,0,none,14.24,106
314,2024-01-14,4,Sunday,1,0,None,28.6,6.1,0,1,12.35,0.3,1,bundle,8.64,143
315,2024-01-15,4,Monday,0,0,None,25.9,3.0,0,0,13.22,0.0,0,none,13.22,85
316,2024-01-16,4,Tuesday,0,0,None,29.3,4.6,0,0,10.89,0.0,0,none,10.89,83
317,2024-01-17,4,Wednesday,0,0,None,27.2,0.0,0,0,14.37,0.0,0,none,14.37,104
318,2024-01-18,4,Thursday,0,0,None,28.2,2.1,0,0,10.26,0.0,0,none,10.26,87
319,2024-01-19,4,Friday,0,0,None,33.0,1.6,1,0,10.11,0.0,0,none,10.11,117
320,2024-01-20,4,Saturday,1,0,None,25.2,4.8,0,0,14.91,0.0,0,none,14.91,97
321,2024-01-21,4,Sunday,1,0,None,29.1,1.0,0,0,11.87,0.0,0,none,11.87,106
322,2024-01-22,4,Monday,0,0,None,26.8,0.4,0,0,14.01,0.0,0,none,14.01,80
323,2024-01-23,4,Tuesday,0,0,None,29.5,6.5,0,1,10.87,0.0,0,none,10.87,85
324,2024-01-24,4,Wednesday,0,0,None,32.5,5.2,1,1,12.86,0.3,1,bundle,9.0,132
325,2024-01-25,4,Thursday,0,0,None,25.5,4.4,0,0,11.67,0.0,0,none,11.67,86
326,2024-01-26,4,Friday,0,0,None,29.5,0.0,0,0,12.15,0.2,1,bundle,9.72,113
327,2024-01-27,4,Saturday,1,0,None,29.0,0.9,0,0,12.41,0.0,0,none,12.41,103
328,2024-01-28,4,Sunday,1,0,None,31.5,9.6,0,1,13.05,0.2,1,flyer,10.44,118
329,2024-01-29,4,Monday,0,0,None,28.8,0.7,0,0,14.78,0.0,0,none,14.78,82
330,2024-01-30,4,Tuesday,0,0,None,26.2,4.4,0,0,11.36,0.0,0,none,11.36,88
331,2024-01-31,4,Wednesday,0,0,None,27.4,9.3,0,1,14.27,0.1,1,display,12.84,97
332,2024-02-01,4,Thursday,0,0,None,29.0,0.0,0,0,13.86,0.0,0,none,13.86,96
333,2024-02-02,4,Friday,0,0,None,29.7,2.1,0,0,12.74,0.0,0,none,12.74,99
334,2024-02-03,4,Saturday,1,0,None,29.2,5.2,0,1,14.9,0.0,0,none,14.9,108
335,2024-02-04,4,Sunday,1,0,None,30.9,0.2,0,0,11.69,0.0,0,none,11.69,106
336,2024-02-05,4,Monday,0,0,None,29.7,0.0,0,0,12.73,0.0,0,none,12.73,89
337,2024-02-06,4,Tuesday,0,0,None,32.0,0.0,1,0,13.06,0.1,1,display,11.75,125
338,2024-02-07,4,Wednesday,0,0,None,29.1,0.0,0,0,11.08,0.0,0,none,11.08,88
339,2024-02-08,4,Thursday,0,0,None,33.3,2.0,1,0,13.93,0.0,0,none,13.93,106
340,2024-02-09,4,Friday,0,0,None,28.4,0.0,0,0,13.79,0.2,1,bundle,11.03,111
341,2024-02-10,4,Saturday,1,1,Holiday_A,30.7,0.0,0,0,11.28,0.0,0,none,11.28,135
342,2024-02-11,4,Sunday,1,0,None,31.3,4.5,0,0,10.47,0.0,0,none,10.47,116
343,2024-02-12,4,Monday,0,0,None,27.4,0.0,0,0,13.99,0.0,0,none,13.99,84
344,2024-02-13,4,Tuesday,0,0,None,25.7,0.0,0,0,10.98,0.0,0,none,10.98,88
345,2024-02-14,4,Wednesday,0,0,None,32.5,0.2,1,0,11.56,0.0,0,none,11.56,99
346,2024-02-15,4,Thursday,0,0,None,31.1,3.2,0,0,12.79,0.0,0,none,12.79,98
347,2024-02-16,4,Friday,0,0,None,30.8,0.0,0,0,14.49,0.0,0,none,14.49,90
348,2024-02-17,4,Saturday,1,0,None,27.4,1.3,0,0,13.66,0.0,0,none,13.66,104
349,2024-02-18,4,Sunday,1,0,None,28.9,6.8,0,1,14.28,0.2,1,flyer,11.42,125
350,2024-02-19,4,Monday,0,0,None,28.9,0.0,0,0,11.62,0.0,0,none,11.62,90
351,2024-02-20,4,Tuesday,0,0,None,28.3,4.5,0,0,10.47,0.0,0,none,10.47,86
352,2024-02-21,4,Wednesday,0,0,None,27.5,4.9,0,0,13.8,0.0,0,none,13.8,88
353,2024-02-22,4,Thursday,0,0,None,27.3,7.3,0,1,14.1,0.0,0,none,14.1,86
354,2024-02-23,4,Friday,0,0,None,32.1,1.2,1,0,13.6,0.0,0,none,13.6,106
355,2024-02-24,4,Saturday,1,1,Holiday_B,31.7,2.3,0,0,10.96,0.0,0,none,10.96,125
356,2024-02-25,4,Sunday,1,0,None,34.0,9.3,1,1,11.27,0.2,1,bundle,9.02,150
357,2024-02-26,4,Monday,0,0,None,29.4,0.3,0,0,13.41,0.0,0,none,13.41,94
358,2024-02-27,4,Tuesday,0,0,None,28.0,2.1,0,0,11.8,0.3,1,flyer,8.26,118
359,2024-02-28,4,Wednesday,0,0,None,32.9,0.9,1,0,14.04,0.1,1,bundle,12.64,128
360,2024-02-29,4,Thursday,0,0,None,30.7,0.0,0,0,11.91,0.0,0,none,11.91,79
361,2024-03-01,4,Friday,0,1,Holiday_C,31.5,0.0,0,0,10.09,0.3,1,digital,7.06,156
362,2024-03-02,4,Saturday,1,0,None,31.9,5.2,0,1,13.11,0.1,1,bundle,11.8,117
363,2024-03-03,4,Sunday,1,0,None,36.1,6.8,1,1,13.18,0.0,0,none,13.18,106
364,2024-03-04,4,Monday,0,0,None,31.5,0.0,0,0,11.13,0.1,1,bundle,10.02,105
365,2024-03-05,4,Tuesday,0,0,None,33.3,9.1,1,1,14.39,0.0,0,none,14.39,100
366,2024-03-06,4,Wednesday,0,0,None,33.6,5.2,1,1,12.91,0.2,1,digital,10.33,145
367,2024-03-07,4,Thursday,0,0,None,30.5,3.1,0,0,10.57,0.3,1,digital,7.4,130
368,2024-03-08,4,Friday,0,0,None,33.0,3.8,1,0,12.15,0.0,0,none,12.15,116
369,2024-03-09,4,Saturday,1,0,None,30.7,0.0,0,0,14.46,0.1,1,bundle,13.01,133
370,2024-03-10,4,Sunday,1,0,None,29.8,7.9,0,1,11.19,0.0,0,none,11.19,112
371,2024-03-11,4,Monday,0,0,None,30.1,3.1,0,0,12.44,0.0,0,none,12.44,93
372,2024-03-12,4,Tuesday,0,0,None,32.3,8.9,1,1,13.17,0.0,0,none,13.17,107
373,2024-03-13,4,Wednesday,0,0,None,31.8,2.3,0,0,12.36,0.0,0,none,12.36,88
374,2024-03-14,4,Thursday,0,0,None,27.9,4.8,0,0,11.03,0.0,0,none,11.03,80
375,2024-03-15,4,Friday,0,0,None,31.6,3.0,0,0,11.1,0.0,0,none,11.1,99
376,2024-03-16,4,Saturday,1,0,None,30.8,4.9,0,0,14.66,0.0,0,none,14.66,125
377,2024-03-17,4,Sunday,1,0,None,30.4,2.2,0,0,10.57,0.0,0,none,10.57,104
378,2024-03-18,4,Monday,0,0,None,27.7,2.9,0,0,14.96,0.0,0,none,14.96,99
379,2024-03-19,4,Tuesday,0,0,None,31.2,0.4,0,0,12.11,0.0,0,none,12.11,97
380,2024-03-20,4,Wednesday,0,0,None,31.6,6.1,0,1,14.12,0.0,0,none,14.12,98
381,2024-03-21,4,Thursday,0,0,None,32.3,0.5,1,0,10.57,0.0,0,none,10.57,101
382,2024-03-22,4,Friday,0,0,None,27.6,0.0,0,0,13.76,0.0,0,none,13.76,88
383,2024-03-23,4,Saturday,1,0,None,33.0,2.3,1,0,13.39,0.0,0,none,13.39,134
384,2024-03-24,4,Sunday,1,0,None,28.5,3.8,0,0,13.7,0.2,1,bundle,10.96,134
385,2024-03-25,4,Monday,0,0,None,34.6,3.5,1,0,13.47,0.2,1,display,10.78,114
386,2024-03-26,4,Tuesday,0,0,None,35.1,2.3,1,0,11.08,0.2,1,display,8.86,128
387,2024-03-27,4,Wednesday,0,0,None,34.7,2.4,1,0,11.94,0.0,0,none,11.94,106
388,2024-03-28,4,Thursday,0,0,None,34.2,3.3,1,0,11.13,0.2,1,digital,8.9,127
389,2024-03-29,4,Friday,0,0,None,30.1,0.0,0,0,13.8,0.0,0,none,13.8,89
390,2024-03-30,4,Saturday,1,0,None,31.3,8.6,0,1,13.23,0.0,0,none,13.23,123
391,2024-03-31,4,Sunday,1,0,None,31.7,4.7,0,0,11.89,0.0,0,none,11.89,107
392,2024-04-01,4,Monday,0,0,None,37.7,7.9,1,1,12.8,0.0,0,none,12.8,103
393,2024-04-02,4,Tuesday,0,0,None,35.1,4.7,1,0,10.5,0.0,0,none,10.5,94
394,2024-04-03,4,Wednesday,0,0,None,32.1,0.0,1,0,10.65,0.0,0,none,10.65,104
395,2024-04-04,4,Thursday,0,0,None,34.2,7.3,1,1,12.37,0.0,0,none,12.37,104
396,2024-04-05,4,Friday,0,0,None,35.0,0.0,1,0,10.76,0.0,0,none,10.76,109
397,2024-04-06,4,Saturday,1,1,Holiday_D,40.3,0.0,1,0,11.23,0.0,0,none,11.23,158
398,2024-04-07,4,Sunday,1,0,None,37.0,5.2,1,1,12.54,0.0,0,none,12.54,125
399,2024-04-08,4,Monday,0,1,Holiday_E,32.8,6.0,1,1,12.9,0.3,1,display,9.03,180
400,2024-04-09,4,Tuesday,0,0,None,32.8,2.2,1,0,14.97,0.0,0,none,14.97,127
401,2024-01-01,5,Monday,0,1,New Year,28.6,6.6,0,1,13.1,0.0,0,none,13.1,132
402,2024-01-02,5,Tuesday,0,0,None,25.4,2.9,0,0,11.14,0.0,0,none,11.14,105
403,2024-01-03,5,Wednesday,0,0,None,28.5,10.1,0,1,13.95,0.1,1,flyer,12.56,119
404,2024-01-04,5,Thursday,0,0,None,27.3,5.5,0,1,12.31,0.1,1,bundle,11.08,114
405,2024-01-05,5,Friday,0,0,None,28.0,4.6,0,0,11.88,0.3,1,bundle,8.32,142
406,2024-01-06,5,Saturday,1,0,None,26.7,0.6,0,0,12.46,0.0,0,none,12.46,137
407,2024-01-07,5,Sunday,1,0,None,30.1,3.9,0,0,14.14,0.2,1,digital,11.31,160
408,2024-01-08,5,Monday,0,0,None,31.0,7.7,0,1,14.42,0.3,1,bundle,10.09,140
409,2024-01-09,5,Tuesday,0,0,None,29.2,0.0,0,0,14.63,0.0,0,none,14.63,110
410,2024-01-10,5,Wednesday,0,0,None,27.2,7.5,0,1,10.67,0.0,0,none,10.67,112
411,2024-01-11,5,Thursday,0,0,None,26.1,0.0,0,0,12.64,0.3,1,digital,8.85,149
412,2024-01-12,5,Friday,0,0,None,27.3,0.5,0,0,14.69,0.0,0,none,14.69,112
413,2024-01-13,5,Saturday,1,0,None,28.9,4.9,0,0,10.52,0.3,1,flyer,7.36,184
414,2024-01-14,5,Sunday,1,0,None,26.6,6.8,0,1,11.53,0.0,0,none,11.53,111
415,2024-01-15,5,Monday,0,0,None,32.2,6.1,1,1,13.49,0.0,0,none,13.49,129
416,2024-01-16,5,Tuesday,0,0,None,29.6,2.5,0,0,13.55,0.0,0,none,13.55,97
417,2024-01-17,5,Wednesday,0,0,None,25.8,5.5,0,1,11.46,0.3,1,digital,8.02,138
418,2024-01-18,5,Thursday,0,0,None,26.6,3.2,0,0,11.1,0.1,1,display,9.99,120
419,2024-01-19,5,Friday,0,0,None,31.0,1.1,0,0,13.6,0.0,0,none,13.6,109
420,2024-01-20,5,Saturday,1,0,None,30.2,3.9,0,0,12.63,0.0,0,none,12.63,137
421,2024-01-21,5,Sunday,1,0,None,24.9,2.1,0,0,11.45,0.0,0,none,11.45,118
422,2024-01-22,5,Monday,0,0,None,28.3,3.9,0,0,10.79,0.0,0,none,10.79,113
423,2024-01-23,5,Tuesday,0,0,None,26.1,6.7,0,1,10.51,0.0,0,none,10.51,109
424,2024-01-24,5,Wednesday,0,0,None,26.8,5.8,0,1,10.02,0.2,1,digital,8.02,142
425,2024-01-25,5,Thursday,0,0,None,29.7,0.0,0,0,10.51,0.0,0,none,10.51,99
426,2024-01-26,5,Friday,0,0,None,26.4,1.1,0,0,12.17,0.3,1,bundle,8.52,157
427,2024-01-27,5,Saturday,1,0,None,27.5,6.0,0,1,13.44,0.1,1,display,12.1,115
428,2024-01-28,5,Sunday,1,0,None,27.7,8.7,0,1,10.83,0.0,0,none,10.83,128
429,2024-01-29,5,Monday,0,0,None,29.9,7.9,0,1,13.38,0.3,1,display,9.37,160
430,2024-01-30,5,Tuesday,0,0,None,27.2,0.0,0,0,10.55,0.3,1,bundle,7.38,149
431,2024-01-31,5,Wednesday,0,0,None,30.5,5.5,0,1,14.29,0.0,0,none,14.29,106
432,2024-02-01,5,Thursday,0,0,None,27.3,9.5,0,1,14.35,0.0,0,none,14.35,100
433,2024-02-02,5,Friday,0,0,None,31.7,8.2,0,1,10.18,0.3,1,display,7.13,148
434,2024-02-03,5,Saturday,1,0,None,29.7,4.5,0,0,13.57,0.1,1,digital,12.21,137
435,2024-02-04,5,Sunday,1,0,None,30.4,2.4,0,0,11.84,0.0,0,none,11.84,113
436,2024-02-05,5,Monday,0,0,None,30.2,0.0,0,0,10.62,0.0,0,none,10.62,101
437,2024-02-06,5,Tuesday,0,0,None,29.6,0.0,0,0,12.65,0.0,0,none,12.65,109
438,2024-02-07,5,Wednesday,0,0,None,30.0,5.2,0,1,13.39,0.0,0,none,13.39,104
439,2024-02-08,5,Thursday,0,0,None,32.1,0.1,1,0,10.63,0.2,1,digital,8.5,162
440,2024-02-09,5,Friday,0,0,None,30.4,6.9,0,1,11.74,0.0,0,none,11.74,99
441,2024-02-10,5,Saturday,1,1,Holiday_A,32.0,0.0,1,0,10.12,0.3,1,bundle,7.08,270
442,2024-02-11,5,Sunday,1,0,None,30.5,2.1,0,0,11.51,0.0,0,none,11.51,138
443,2024-02-12,5,Monday,0,0,None,29.8,0.0,0,0,12.37,0.0,0,none,12.37,110
444,2024-02-13,5,Tuesday,0,0,None,30.5,0.0,0,0,10.7,0.0,0,none,10.7,105
445,2024-02-14,5,Wednesday,0,0,None,32.6,5.2,1,1,10.73,0.0,0,none,10.73,129
446,2024-02-15,5,Thursday,0,0,None,32.3,9.3,1,1,11.73,0.0,0,none,11.73,117
447,2024-02-16,5,Friday,0,0,None,29.5,4.9,0,0,14.45,0.0,0,none,14.45,107
448,2024-02-17,5,Saturday,1,0,None,30.3,0.0,0,0,14.79,0.0,0,none,14.79,143
449,2024-02-18,5,Sunday,1,0,None,26.8,3.7,0,0,13.4,0.0,0,none,13.4,125
450,2024-02-19,5,Monday,0,0,None,29.3,2.3,0,0,12.16,0.0,0,none,12.16,121
451,2024-02-20,5,Tuesday,0,0,None,27.2,1.9,0,0,14.22,0.0,0,none,14.22,107
452,2024-02-21,5,Wednesday,0,0,None,31.2,0.0,0,0,12.97,0.0,0,none,12.97,114
453,2024-02-22,5,Thursday,0,0,None,30.4,0.4,0,0,14.54,0.3,1,display,10.18,153
454,2024-02-23,5,Friday,0,0,None,30.0,0.4,0,0,13.59,0.0,0,none,13.59,114
455,2024-02-24,5,Saturday,1,1,Holiday_B,31.4,0.0,0,0,10.81,0.0,0,none,10.81,176
456,2024-02-25,5,Sunday,1,0,None,30.7,1.7,0,0,11.79,0.0,0,none,11.79,126
457,2024-02-26,5,Monday,0,0,None,27.5,5.4,0,1,14.24,0.0,0,none,14.24,101
458,2024-02-27,5,Tuesday,0,0,None,30.5,1.3,0,0,13.31,0.0,0,none,13.31,109
459,2024-02-28,5,Wednesday,0,0,None,29.3,0.4,0,0,14.6,0.0,0,none,14.6,105
460,2024-02-29,5,Thursday,0,0,None,32.6,8.7,1,1,12.89,0.1,1,bundle,11.6,136
461,2024-03-01,5,Friday,0,1,Holiday_C,34.4,0.6,1,0,12.82,0.0,0,none,12.82,183
462,2024-03-02,5,Saturday,1,0,None,29.5,0.2,0,0,14.2,0.3,1,flyer,9.94,167
463,2024-03-03,5,Sunday,1,0,None,30.4,6.0,0,1,13.4,0.2,1,flyer,10.72,146
464,2024-03-04,5,Monday,0,0,None,29.1,5.0,0,1,11.63,0.0,0,none,11.63,118
465,2024-03-05,5,Tuesday,0,0,None,31.6,3.7,0,0,14.52,0.0,0,none,14.52,107
466,2024-03-06,5,Wednesday,0,0,None,34.2,5.6,1,1,11.02,0.2,1,digital,8.82,160
467,2024-03-07,5,Thursday,0,0,None,30.3,0.0,0,0,10.16,0.0,0,none,10.16,99
468,2024-03-08,5,Friday,0,0,None,34.8,5.7,1,1,10.48,0.0,0,none,10.48,122
469,2024-03-09,5,Saturday,1,0,None,33.8,6.0,1,1,14.12,0.0,0,none,14.12,121
470,2024-03-10,5,Sunday,1,0,None,34.5,2.3,1,0,12.66,0.0,0,none,12.66,157
471,2024-03-11,5,Monday,0,0,None,30.7,3.5,0,0,13.62,0.0,0,none,13.62,105
472,2024-03-12,5,Tuesday,0,0,None,30.8,2.9,0,0,10.96,0.2,1,bundle,8.77,135
473,2024-03-13,5,Wednesday,0,0,None,34.2,0.0,1,0,12.08,0.0,0,none,12.08,137
474,2024-03-14,5,Thursday,0,0,None,34.8,0.0,1,0,11.68,0.0,0,none,11.68,125
475,2024-03-15,5,Friday,0,0,None,33.4,0.0,1,0,10.75,0.0,0,none,10.75,122
476,2024-03-16,5,Saturday,1,0,None,28.4,3.5,0,0,13.14,0.0,0,none,13.14,113
477,2024-03-17,5,Sunday,1,0,None,27.5,1.8,0,0,10.65,0.3,1,display,7.46,184
478,2024-03-18,5,Monday,0,0,None,32.6,0.0,1,0,10.8,0.3,1,digital,7.56,184
479,2024-03-19,5,Tuesday,0,0,None,31.5,3.9,0,0,14.25,0.0,0,none,14.25,108
480,2024-03-20,5,Wednesday,0,0,None,31.9,5.6,0,1,10.59,0.0,0,none,10.59,96
481,2024-03-21,5,Thursday,0,0,None,33.5,7.6,1,1,12.75,0.0,0,none,12.75,124
482,2024-03-22,5,Friday,0,0,None,28.1,0.0,0,0,13.91,0.1,1,bundle,12.52,124
483,2024-03-23,5,Saturday,1,0,None,32.5,1.7,1,0,14.22,0.0,0,none,14.22,153
484,2024-03-24,5,Sunday,1,0,None,30.2,10.5,0,1,12.7,0.0,0,none,12.7,120
485,2024-03-25,5,Monday,0,0,None,28.4,0.4,0,0,10.59,0.0,0,none,10.59,111
486,2024-03-26,5,Tuesday,0,0,None,32.5,7.2,1,1,14.08,0.0,0,none,14.08,137
487,2024-03-27,5,Wednesday,0,0,None,30.4,3.0,0,0,14.68,0.0,0,none,14.68,99
488,2024-03-28,5,Thursday,0,0,None,33.4,1.4,1,0,11.95,0.0,0,none,11.95,129
489,2024-03-29,5,Friday,0,0,None,31.3,0.0,0,0,14.39,0.1,1,display,12.95,112
490,2024-03-30,5,Saturday,1,0,None,33.2,0.3,1,0,13.39,0.0,0,none,13.39,150
491,2024-03-31,5,Sunday,1,0,None,32.3,2.8,1,0,10.58,0.3,1,bundle,7.41,212
492,2024-04-01,5,Monday,0,0,None,36.3,4.7,1,0,12.59,0.2,1,flyer,10.07,162
493,2024-04-02,5,Tuesday,0,0,None,34.5,0.0,1,0,13.52,0.0,0,none,13.52,117
494,2024-04-03,5,Wednesday,0,0,None,33.1,0.0,1,0,12.42,0.0,0,none,12.42,127
495,2024-04-04,5,Thursday,0,0,None,33.2,0.0,1,0,14.84,0.0,0,none,14.84,126
496,2024-04-05,5,Friday,0,0,None,35.4,0.8,1,0,13.12,0.0,0,none,13.12,130
497,2024-04-06,5,Saturday,1,1,Holiday_D,32.4,6.3,1,1,14.83,0.0,0,none,14.83,194
498,2024-04-07,5,Sunday,1,0,None,32.7,6.3,1,1,11.36,0.0,0,none,11.36,157
499,2024-04-08,5,Monday,0,1,Holiday_E,37.0,4.1,1,0,10.77,0.2,1,display,8.62,211
500,2024-04-09,5,Tuesday,0,0,None,35.6,9.7,1,1,12.04,0.0,0,none,12.04,131
