record_id,date,store_id,day_of_week,is_weekend,is_holiday,holiday_name,max_temp_c,rainfall_mm,is_hot_day,is_rainy_day,base_price,discount_pct,is_promo,promo_type,final_price,units_sold,event_time,year,month,day,day_of_year,day_of_week_index,discount_amount,is_promo_or_holiday,high_demand,split_type
73,2024-03-13,1,Wednesday,0,0,None,30.4,4.0,0,0,13.5,0.0,0,none,13.5,76,2024-03-13T00:00:00Z,2024,3,13,73,2,0.0,0,0,train
183,2024-03-23,2,Saturday,1,0,None,30.6,0.2,0,0,12.96,0.0,0,none,12.96,108,2024-03-23T00:00:00Z,2024,3,23,83,5,0.0,0,0,train
132,2024-02-01,2,Thursday,0,0,None,29.9,4.1,0,0,13.06,0.0,0,none,13.06,91,2024-02-01T00:00:00Z,2024,2,1,32,3,0.0,0,0,train
411,2024-01-11,5,Thursday,0,0,None,26.1,0.0,0,0,12.64,0.3,1,digital,8.85,149,2024-01-11T00:00:00Z,2024,1,11,11,3,3.792,1,1,train
194,2024-04-03,2,Wednesday,0,0,None,39.3,1.8,1,0,14.81,0.2,1,display,11.85,151,2024-04-03T00:00:00Z,2024,4,3,94,2,2.962,1,1,train
56,2024-02-25,1,Sunday,1,0,None,29.1,3.3,0,0,10.6,0.0,0,none,10.6,87,2024-02-25T00:00:00Z,2024,2,25,56,6,0.0,0,0,train
149,2024-02-18,2,Sunday,1,0,None,27.8,5.5,0,1,14.48,0.0,0,none,14.48,112,2024-02-18T00:00:00Z,2024,2,18,49,6,0.0,0,0,train
19,2024-01-19,1,Friday,0,0,None,29.0,7.6,0,1,12.7,0.2,1,flyer,10.16,89,2024-01-19T00:00:00Z,2024,1,19,19,4,2.54,1,0,train
205,2024-01-05,3,Friday,0,0,None,29.3,8.3,0,1,10.16,0.0,0,none,10.16,116,2024-01-05T00:00:00Z,2024,1,5,5,4,0.0,0,0,train
79,2024-03-19,1,Tuesday,0,0,None,31.5,2.6,0,0,12.77,0.1,1,digital,11.49,90,2024-03-19T00:00:00Z,2024,3,19,79,1,1.2770000000000001,1,0,train
495,2024-04-04,5,Thursday,0,0,None,33.2,0.0,1,0,14.84,0.0,0,none,14.84,126,2024-04-04T00:00:00Z,2024,4,4,95,3,0.0,0,0,train
263,2024-03-03,3,Sunday,1,0,None,32.6,0.9,1,0,11.37,0.0,0,none,11.37,157,2024-03-03T00:00:00Z,2024,3,3,63,6,0.0,0,1,train
324,2024-01-24,4,Wednesday,0,0,None,32.5,5.2,1,1,12.86,0.3,1,bundle,9.0,132,2024-01-24T00:00:00Z,2024,1,24,24,2,3.8579999999999997,1,0,train
484,2024-03-24,5,Sunday,1,0,None,30.2,10.5,0,1,12.7,0.0,0,none,12.7,120,2024-03-24T00:00:00Z,2024,3,24,84,6,0.0,0,0,train
80,2024-03-20,1,Wednesday,0,0,None,33.0,8.8,1,1,13.14,0.0,0,none,13.14,99,2024-03-20T00:00:00Z,2024,3,20,80,2,0.0,0,0,train
40,2024-02-09,1,Friday,0,0,None,30.2,0.0,0,0,11.4,0.0,0,none,11.4,80,2024-02-09T00:00:00Z,2024,2,9,40,4,0.0,0,0,train
452,2024-02-21,5,Wednesday,0,0,None,31.2,0.0,0,0,12.97,0.0,0,none,12.97,114,2024-02-21T00:00:00Z,2024,2,21,52,2,0.0,0,0,train
47,2024-02-16,1,Friday,0,0,None,32.9,3.0,1,0,13.51,0.0,0,none,13.51,98,2024-02-16T00:00:00Z,2024,2,16,47,4,0.0,0,0,train
239,2024-02-08,3,Thursday,0,0,None,31.0,7.0,0,1,11.74,0.0,0,none,11.74,117,2024-02-08T00:00:00Z,2024,2,8,39,3,0.0,0,0,train
392,2024-04-01,4,Monday,0,0,None,37.7,7.9,1,1,12.8,0.0,0,none,12.8,103,2024-04-01T00:00:00Z,2024,4,1,92,0,0.0,0,0,train
353,2024-02-22,4,Thursday,0,0,None,27.3,7.3,0,1,14.1,0.0,0,none,14.1,86,2024-02-22T00:00:00Z,2024,2,22,53,3,0.0,0,0,train
342,2024-02-11,4,Sunday,1,0,None,31.3,4.5,0,0,10.47,0.0,0,none,10.47,116,2024-02-11T00:00:00Z,2024,2,11,42,6,0.0,0,0,train
278,2024-03-18,3,Monday,0,0,None,33.6,8.6,1,1,12.51,0.0,0,none,12.51,141,2024-03-18T00:00:00Z,2024,3,18,78,0,0.0,0,1,train
291,2024-03-31,3,Sunday,1,0,None,31.1,0.0,0,0,12.38,0.0,0,none,12.38,127,2024-03-31T00:00:00Z,2024,3,31,91,6,0.0,0,0,train
318,2024-01-18,4,Thursday,0,0,None,28.2,2.1,0,0,10.26,0.0,0,none,10.26,87,2024-01-18T00:00:00Z,2024,1,18,18,3,0.0,0,0,train
305,2024-01-05,4,Friday,0,0,None,25.3,6.7,0,1,14.23,0.3,1,bundle,9.96,115,2024-01-05T00:00:00Z,2024,1,5,5,4,4.269,1,0,train
269,2024-03-09,3,Saturday,1,0,None,35.2,1.8,1,0,13.32,0.0,0,none,13.32,161,2024-03-09T00:00:00Z,2024,3,9,69,5,0.0,0,1,train
70,2024-03-10,1,Sunday,1,0,None,31.1,7.8,0,1,13.95,0.3,1,digital,9.76,109,2024-03-10T00:00:00Z,2024,3,10,70,6,4.185,1,0,train
456,2024-02-25,5,Sunday,1,0,None,30.7,1.7,0,0,11.79,0.0,0,none,11.79,126,2024-02-25T00:00:00Z,2024,2,25,56,6,0.0,0,0,train
466,2024-03-06,5,Wednesday,0,0,None,34.2,5.6,1,1,11.02,0.2,1,digital,8.82,160,2024-03-06T00:00:00Z,2024,3,6,66,2,2.204,1,1,train
155,2024-02-24,2,Saturday,1,1,Holiday_B,32.2,7.6,1,1,12.88,0.1,1,flyer,11.59,194,2024-02-24T00:00:00Z,2024,2,24,55,5,1.2880000000000003,1,1,train
83,2024-03-23,1,Saturday,1,0,None,30.5,3.6,0,0,10.16,0.3,1,flyer,7.11,120,2024-03-23T00:00:00Z,2024,3,23,83,5,3.048,1,0,train
478,2024-03-18,5,Monday,0,0,None,32.6,0.0,1,0,10.8,0.3,1,digital,7.56,184,2024-03-18T00:00:00Z,2024,3,18,78,0,3.24,1,1,train
173,2024-03-13,2,Wednesday,0,0,None,34.1,0.0,1,0,11.16,0.2,1,digital,8.93,155,2024-03-13T00:00:00Z,2024,3,13,73,2,2.232,1,1,train
322,2024-01-22,4,Monday,0,0,None,26.8,0.4,0,0,14.01,0.0,0,none,14.01,80,2024-01-22T00:00:00Z,2024,1,22,22,0,0.0,0,0,train
91,2024-03-31,1,Sunday,1,0,None,32.0,1.3,1,0,14.16,0.0,0,none,14.16,118,2024-03-31T00:00:00Z,2024,3,31,91,6,0.0,0,0,train
181,2024-03-21,2,Thursday,0,0,None,33.1,0.5,1,0,10.29,0.0,0,none,10.29,117,2024-03-21T00:00:00Z,2024,3,21,81,3,0.0,0,0,train
415,2024-01-15,5,Monday,0,0,None,32.2,6.1,1,1,13.49,0.0,0,none,13.49,129,2024-01-15T00:00:00Z,2024,1,15,15,0,0.0,0,0,train
313,2024-01-13,4,Saturday,1,0,None,29.4,0.0,0,0,14.24,0.0,0,none,14.24,106,2024-01-13T00:00:00Z,2024,1,13,13,5,0.0,0,0,train
279,2024-03-19,3,Tuesday,0,0,None,29.9,1.8,0,0,10.34,0.0,0,none,10.34,120,2024-03-19T00:00:00Z,2024,3,19,79,1,0.0,0,0,train
382,2024-03-22,4,Friday,0,0,None,27.6,0.0,0,0,13.76,0.0,0,none,13.76,88,2024-03-22T00:00:00Z,2024,3,22,82,4,0.0,0,0,train
473,2024-03-13,5,Wednesday,0,0,None,34.2,0.0,1,0,12.08,0.0,0,none,12.08,137,2024-03-13T00:00:00Z,2024,3,13,73,2,0.0,0,1,train
363,2024-03-03,4,Sunday,1,0,None,36.1,6.8,1,1,13.18,0.0,0,none,13.18,106,2024-03-03T00:00:00Z,2024,3,3,63,6,0.0,0,0,train
325,2024-01-25,4,Thursday,0,0,None,25.5,4.4,0,0,11.67,0.0,0,none,11.67,86,2024-01-25T00:00:00Z,2024,1,25,25,3,0.0,0,0,train
432,2024-02-01,5,Thursday,0,0,None,27.3,9.5,0,1,14.35,0.0,0,none,14.35,100,2024-02-01T00:00:00Z,2024,2,1,32,3,0.0,0,0,train
348,2024-02-17,4,Saturday,1,0,None,27.4,1.3,0,0,13.66,0.0,0,none,13.66,104,2024-02-17T00:00:00Z,2024,2,17,48,5,0.0,0,0,train
87,2024-03-27,1,Wednesday,0,0,None,34.7,0.3,1,0,14.15,0.0,0,none,14.15,90,2024-03-27T00:00:00Z,2024,3,27,87,2,0.0,0,0,train
76,2024-03-16,1,Saturday,1,0,None,35.1,1.8,1,0,10.28,0.0,0,none,10.28,110,2024-03-16T00:00:00Z,2024,3,16,76,5,0.0,0,0,train
439,2024-02-08,5,Thursday,0,0,None,32.1,0.1,1,0,10.63,0.2,1,digital,8.5,162,2024-02-08T00:00:00Z,2024,2,8,39,3,2.1260000000000003,1,1,train
16,2024-01-16,1,Tuesday,0,0,None,26.2,1.4,0,0,10.16,0.0,0,none,10.16,80,2024-01-16T00:00:00Z,2024,1,16,16,1,0.0,0,0,train
250,2024-02-19,3,Monday,0,0,None,29.4,0.0,0,0,11.54,0.0,0,none,11.54,119,2024-02-19T00:00:00Z,2024,2,19,50,0,0.0,0,0,train
434,2024-02-03,5,Saturday,1,0,None,29.7,4.5,0,0,13.57,0.1,1,digital,12.21,137,2024-02-03T00:00:00Z,2024,2,3,34,5,1.3570000000000002,1,1,train
20,2024-01-20,1,Saturday,1,0,None,27.3,1.4,0,0,10.03,0.1,1,bundle,9.03,91,2024-01-20T00:00:00Z,2024,1,20,20,5,1.003,1,0,train
323,2024-01-23,4,Tuesday,0,0,None,29.5,6.5,0,1,10.87,0.0,0,none,10.87,85,2024-01-23T00:00:00Z,2024,1,23,23,1,0.0,0,0,train
333,2024-02-02,4,Friday,0,0,None,29.7,2.1,0,0,12.74,0.0,0,none,12.74,99,2024-02-02T00:00:00Z,2024,2,2,33,4,0.0,0,0,train
57,2024-02-26,1,Monday,0,0,None,28.6,1.9,0,0,11.56,0.0,0,none,11.56,76,2024-02-26T00:00:00Z,2024,2,26,57,0,0.0,0,0,train
302,2024-01-02,4,Tuesday,0,0,None,29.2,0.0,0,0,14.64,0.0,0,none,14.64,93,2024-01-02T00:00:00Z,2024,1,2,2,1,0.0,0,0,train
230,2024-01-30,3,Tuesday,0,0,None,29.7,1.6,0,0,13.68,0.0,0,none,13.68,117,2024-01-30T00:00:00Z,2024,1,30,30,1,0.0,0,0,train
332,2024-02-01,4,Thursday,0,0,None,29.0,0.0,0,0,13.86,0.0,0,none,13.86,96,2024-02-01T00:00:00Z,2024,2,1,32,3,0.0,0,0,train
133,2024-02-02,2,Friday,0,0,None,30.2,5.9,0,1,14.61,0.0,0,none,14.61,89,2024-02-02T00:00:00Z,2024,2,2,33,4,0.0,0,0,train
138,2024-02-07,2,Wednesday,0,0,None,33.3,2.0,1,0,10.88,0.0,0,none,10.88,108,2024-02-07T00:00:00Z,2024,2,7,38,2,0.0,0,0,train
424,2024-01-24,5,Wednesday,0,0,None,26.8,5.8,0,1,10.02,0.2,1,digital,8.02,142,2024-01-24T00:00:00Z,2024,1,24,24,2,2.004,1,1,train
336,2024-02-05,4,Monday,0,0,None,29.7,0.0,0,0,12.73,0.0,0,none,12.73,89,2024-02-05T00:00:00Z,2024,2,5,36,0,0.0,0,0,train
26,2024-01-26,1,Friday,0,0,None,25.7,0.0,0,0,11.84,0.0,0,none,11.84,86,2024-01-26T00:00:00Z,2024,1,26,26,4,0.0,0,0,train
465,2024-03-05,5,Tuesday,0,0,None,31.6,3.7,0,0,14.52,0.0,0,none,14.52,107,2024-03-05T00:00:00Z,2024,3,5,65,1,0.0,0,0,train
282,2024-03-22,3,Friday,0,0,None,34.4,2.1,1,0,14.97,0.0,0,none,14.97,156,2024-03-22T00:00:00Z,2024,3,22,82,4,0.0,0,1,train
248,2024-02-17,3,Saturday,1,0,None,31.1,5.4,0,1,10.98,0.1,1,display,9.88,154,2024-02-17T00:00:00Z,2024,2,17,48,5,1.098,1,1,train
238,2024-02-07,3,Wednesday,0,0,None,31.0,3.8,0,0,14.7,0.1,1,bundle,13.23,132,2024-02-07T00:00:00Z,2024,2,7,38,2,1.47,1,0,train
118,2024-01-18,2,Thursday,0,0,None,29.5,7.4,0,1,12.36,0.0,0,none,12.36,101,2024-01-18T00:00:00Z,2024,1,18,18,3,0.0,0,0,train
43,2024-02-12,1,Monday,0,0,None,28.1,0.9,0,0,14.68,0.0,0,none,14.68,85,2024-02-12T00:00:00Z,2024,2,12,43,0,0.0,0,0,train
221,2024-01-21,3,Sunday,1,0,None,27.5,0.0,0,0,13.71,0.3,1,flyer,9.6,173,2024-01-21T00:00:00Z,2024,1,21,21,6,4.113,1,1,train
177,2024-03-17,2,Sunday,1,0,None,30.0,0.0,0,0,10.09,0.0,0,none,10.09,115,2024-03-17T00:00:00Z,2024,3,17,77,6,0.0,0,0,train
321,2024-01-21,4,Sunday,1,0,None,29.1,1.0,0,0,11.87,0.0,0,none,11.87,106,2024-01-21T00:00:00Z,2024,1,21,21,6,0.0,0,0,train
154,2024-02-23,2,Friday,0,0,None,32.1,0.0,1,0,12.11,0.0,0,none,12.11,116,2024-02-23T00:00:00Z,2024,2,23,54,4,0.0,0,0,train
232,2024-02-01,3,Thursday,0,0,None,30.1,0.0,0,0,10.44,0.0,0,none,10.44,125,2024-02-01T00:00:00Z,2024,2,1,32,3,0.0,0,0,train
228,2024-01-28,3,Sunday,1,0,None,26.6,0.0,0,0,10.85,0.0,0,none,10.85,136,2024-01-28T00:00:00Z,2024,1,28,28,6,0.0,0,1,train
418,2024-01-18,5,Thursday,0,0,None,26.6,3.2,0,0,11.1,0.1,1,display,9.99,120,2024-01-18T00:00:00Z,2024,1,18,18,3,1.11,1,0,train
204,2024-01-04,3,Thursday,0,0,None,27.9,4.1,0,0,14.22,0.3,1,bundle,9.95,161,2024-01-04T00:00:00Z,2024,1,4,4,3,4.266,1,1,train
127,2024-01-27,2,Saturday,1,0,None,28.4,4.0,0,0,11.56,0.0,0,none,11.56,122,2024-01-27T00:00:00Z,2024,1,27,27,5,0.0,0,0,train
330,2024-01-30,4,Tuesday,0,0,None,26.2,4.4,0,0,11.36,0.0,0,none,11.36,88,2024-01-30T00:00:00Z,2024,1,30,30,1,0.0,0,0,train
32,2024-02-01,1,Thursday,0,0,None,35.1,1.7,1,0,13.17,0.1,1,digital,11.85,106,2024-02-01T00:00:00Z,2024,2,1,32,3,1.3170000000000002,1,0,train
114,2024-01-14,2,Sunday,1,0,None,27.9,5.3,0,1,12.38,0.0,0,none,12.38,116,2024-01-14T00:00:00Z,2024,1,14,14,6,0.0,0,0,train
471,2024-03-11,5,Monday,0,0,None,30.7,3.5,0,0,13.62,0.0,0,none,13.62,105,2024-03-11T00:00:00Z,2024,3,11,71,0,0.0,0,0,train
272,2024-03-12,3,Tuesday,0,0,None,33.9,0.0,1,0,14.68,0.0,0,none,14.68,133,2024-03-12T00:00:00Z,2024,3,12,72,1,0.0,0,1,train
141,2024-02-10,2,Saturday,1,1,Holiday_A,30.0,2.9,0,0,14.49,0.0,0,none,14.49,145,2024-02-10T00:00:00Z,2024,2,10,41,5,0.0,1,1,train
58,2024-02-27,1,Tuesday,0,0,None,32.2,11.5,1,1,14.75,0.0,0,none,14.75,87,2024-02-27T00:00:00Z,2024,2,27,58,1,0.0,0,0,train
193,2024-04-02,2,Tuesday,0,0,None,35.4,3.2,1,0,11.3,0.0,0,none,11.3,125,2024-04-02T00:00:00Z,2024,4,2,93,1,0.0,0,0,train
25,2024-01-25,1,Thursday,0,0,None,26.9,1.3,0,0,14.93,0.0,0,none,14.93,86,2024-01-25T00:00:00Z,2024,1,25,25,3,0.0,0,0,train
18,2024-01-18,1,Thursday,0,0,None,25.0,0.0,0,0,11.45,0.0,0,none,11.45,86,2024-01-18T00:00:00Z,2024,1,18,18,3,0.0,0,0,train
266,2024-03-06,3,Wednesday,0,0,None,36.2,0.0,1,0,14.97,0.0,0,none,14.97,134,2024-03-06T00:00:00Z,2024,3,6,66,2,0.0,0,1,train
67,2024-03-07,1,Thursday,0,0,None,33.7,6.3,1,1,14.51,0.0,0,none,14.51,102,2024-03-07T00:00:00Z,2024,3,7,67,3,0.0,0,0,train
209,2024-01-09,3,Tuesday,0,0,None,27.1,0.0,0,0,11.46,0.0,0,none,11.46,126,2024-01-09T00:00:00Z,2024,1,9,9,1,0.0,0,0,train
480,2024-03-20,5,Wednesday,0,0,None,31.9,5.6,0,1,10.59,0.0,0,none,10.59,96,2024-03-20T00:00:00Z,2024,3,20,80,2,0.0,0,0,train
95,2024-04-04,1,Thursday,0,0,None,30.9,10.8,0,1,12.62,0.2,1,bundle,10.1,102,2024-04-04T00:00:00Z,2024,4,4,95,3,2.524,1,0,train
254,2024-02-23,3,Friday,0,0,None,30.9,2.9,0,0,10.22,0.1,1,digital,9.2,139,2024-02-23T00:00:00Z,2024,2,23,54,4,1.022,1,1,train
267,2024-03-07,3,Thursday,0,0,None,33.4,10.8,1,1,12.33,0.0,0,none,12.33,138,2024-03-07T00:00:00Z,2024,3,7,67,3,0.0,0,1,train
24,2024-01-24,1,Wednesday,0,0,None,27.1,0.4,0,0,14.54,0.0,0,none,14.54,80,2024-01-24T00:00:00Z,2024,1,24,24,2,0.0,0,0,train
223,2024-01-23,3,Tuesday,0,0,None,24.7,0.7,0,0,14.56,0.0,0,none,14.56,124,2024-01-23T00:00:00Z,2024,1,23,23,1,0.0,0,0,train
262,2024-03-02,3,Saturday,1,0,None,30.5,0.0,0,0,13.46,0.0,0,none,13.46,123,2024-03-02T00:00:00Z,2024,3,2,62,5,0.0,0,0,train
427,2024-01-27,5,Saturday,1,0,None,27.5,6.0,0,1,13.44,0.1,1,display,12.1,115,2024-01-27T00:00:00Z,2024,1,27,27,5,1.344,1,0,train
6,2024-01-06,1,Saturday,1,0,None,25.2,0.8,0,0,10.85,0.0,0,none,10.85,93,2024-01-06T00:00:00Z,2024,1,6,6,5,0.0,0,0,train
117,2024-01-17,2,Wednesday,0,0,None,33.6,0.0,1,0,11.68,0.0,0,none,11.68,115,2024-01-17T00:00:00Z,2024,1,17,17,2,0.0,0,0,train
46,2024-02-15,1,Thursday,0,0,None,28.1,5.1,0,1,12.56,0.1,1,digital,11.3,89,2024-02-15T00:00:00Z,2024,2,15,46,3,1.2560000000000002,1,0,train
17,2024-01-17,1,Wednesday,0,0,None,25.2,7.2,0,1,14.54,0.0,0,none,14.54,72,2024-01-17T00:00:00Z,2024,1,17,17,2,0.0,0,0,train
463,2024-03-03,5,Sunday,1,0,None,30.4,6.0,0,1,13.4,0.2,1,flyer,10.72,146,2024-03-03T00:00:00Z,2024,3,3,63,6,2.68,1,1,train
358,2024-02-27,4,Tuesday,0,0,None,28.0,2.1,0,0,11.8,0.3,1,flyer,8.26,118,2024-02-27T00:00:00Z,2024,2,27,58,1,3.54,1,0,train
4,2024-01-04,1,Thursday,0,0,None,24.2,0.0,0,0,10.7,0.0,0,none,10.7,76,2024-01-04T00:00:00Z,2024,1,4,4,3,0.0,0,0,train
219,2024-01-19,3,Friday,0,0,None,25.9,0.9,0,0,12.49,0.3,1,digital,8.74,177,2024-01-19T00:00:00Z,2024,1,19,19,4,3.747,1,1,train
406,2024-01-06,5,Saturday,1,0,None,26.7,0.6,0,0,12.46,0.0,0,none,12.46,137,2024-01-06T00:00:00Z,2024,1,6,6,5,0.0,0,1,train
61,2024-03-01,1,Friday,0,1,Holiday_C,34.3,5.1,1,1,12.87,0.0,0,none,12.87,120,2024-03-01T00:00:00Z,2024,3,1,61,4,0.0,1,0,train
111,2024-01-11,2,Thursday,0,0,None,28.5,6.4,0,1,12.49,0.0,0,none,12.49,99,2024-01-11T00:00:00Z,2024,1,11,11,3,0.0,0,0,train
319,2024-01-19,4,Friday,0,0,None,33.0,1.6,1,0,10.11,0.0,0,none,10.11,117,2024-01-19T00:00:00Z,2024,1,19,19,4,0.0,0,0,train
429,2024-01-29,5,Monday,0,0,None,29.9,7.9,0,1,13.38,0.3,1,display,9.37,160,2024-01-29T00:00:00Z,2024,1,29,29,0,4.014,1,1,train
30,2024-01-30,1,Tuesday,0,0,None,27.7,1.4,0,0,14.62,0.0,0,none,14.62,73,2024-01-30T00:00:00Z,2024,1,30,30,1,0.0,0,0,train
438,2024-02-07,5,Wednesday,0,0,None,30.0,5.2,0,1,13.39,0.0,0,none,13.39,104,2024-02-07T00:00:00Z,2024,2,7,38,2,0.0,0,0,train
472,2024-03-12,5,Tuesday,0,0,None,30.8,2.9,0,0,10.96,0.2,1,bundle,8.77,135,2024-03-12T00:00:00Z,2024,3,12,72,1,2.192,1,1,train
27,2024-01-27,1,Saturday,1,0,None,30.8,8.6,0,1,10.45,0.0,0,none,10.45,83,2024-01-27T00:00:00Z,2024,1,27,27,5,0.0,0,0,train
8,2024-01-08,1,Monday,0,0,None,25.9,6.3,0,1,12.6,0.0,0,none,12.6,66,2024-01-08T00:00:00Z,2024,1,8,8,0,0.0,0,0,train
454,2024-02-23,5,Friday,0,0,None,30.0,0.4,0,0,13.59,0.0,0,none,13.59,114,2024-02-23T00:00:00Z,2024,2,23,54,4,0.0,0,0,train
109,2024-01-09,2,Tuesday,0,0,None,30.7,0.0,0,0,12.92,0.0,0,none,12.92,103,2024-01-09T00:00:00Z,2024,1,9,9,1,0.0,0,0,train
38,2024-02-07,1,Wednesday,0,0,None,33.8,2.0,1,0,11.22,0.0,0,none,11.22,90,2024-02-07T00:00:00Z,2024,2,7,38,2,0.0,0,0,train
158,2024-02-27,2,Tuesday,0,0,None,27.4,0.5,0,0,13.69,0.0,0,none,13.69,100,2024-02-27T00:00:00Z,2024,2,27,58,1,0.0,0,0,train
490,2024-03-30,5,Saturday,1,0,None,33.2,0.3,1,0,13.39,0.0,0,none,13.39,150,2024-03-30T00:00:00Z,2024,3,30,90,5,0.0,0,1,train
119,2024-01-19,2,Friday,0,0,None,24.5,0.0,0,0,14.83,0.2,1,digital,11.86,127,2024-01-19T00:00:00Z,2024,1,19,19,4,2.966,1,0,train
115,2024-01-15,2,Monday,0,0,None,27.1,5.0,0,1,12.54,0.3,1,digital,8.78,126,2024-01-15T00:00:00Z,2024,1,15,15,0,3.7619999999999996,1,0,train
176,2024-03-16,2,Saturday,1,0,None,31.0,1.3,0,0,11.44,0.0,0,none,11.44,113,2024-03-16T00:00:00Z,2024,3,16,76,5,0.0,0,0,train
374,2024-03-14,4,Thursday,0,0,None,27.9,4.8,0,0,11.03,0.0,0,none,11.03,80,2024-03-14T00:00:00Z,2024,3,14,74,3,0.0,0,0,train
182,2024-03-22,2,Friday,0,0,None,29.7,6.2,0,1,14.08,0.0,0,none,14.08,103,2024-03-22T00:00:00Z,2024,3,22,82,4,0.0,0,0,train
145,2024-02-14,2,Wednesday,0,0,None,31.7,0.0,0,0,10.13,0.0,0,none,10.13,104,2024-02-14T00:00:00Z,2024,2,14,45,2,0.0,0,0,train
370,2024-03-10,4,Sunday,1,0,None,29.8,7.9,0,1,11.19,0.0,0,none,11.19,112,2024-03-10T00:00:00Z,2024,3,10,70,6,0.0,0,0,train
391,2024-03-31,4,Sunday,1,0,None,31.7,4.7,0,0,11.89,0.0,0,none,11.89,107,2024-03-31T00:00:00Z,2024,3,31,91,6,0.0,0,0,train
196,2024-04-05,2,Friday,0,0,None,35.4,7.3,1,1,12.91,0.0,0,none,12.91,106,2024-04-05T00:00:00Z,2024,4,5,96,4,0.0,0,0,train
405,2024-01-05,5,Friday,0,0,None,28.0,4.6,0,0,11.88,0.3,1,bundle,8.32,142,2024-01-05T00:00:00Z,2024,1,5,5,4,3.564,1,1,train
276,2024-03-16,3,Saturday,1,0,None,34.0,2.3,1,0,13.47,0.0,0,none,13.47,160,2024-03-16T00:00:00Z,2024,3,16,76,5,0.0,0,1,train
455,2024-02-24,5,Saturday,1,1,Holiday_B,31.4,0.0,0,0,10.81,0.0,0,none,10.81,176,2024-02-24T00:00:00Z,2024,2,24,55,5,0.0,1,1,train
142,2024-02-11,2,Sunday,1,0,None,28.9,2.9,0,0,10.33,0.0,0,none,10.33,111,2024-02-11T00:00:00Z,2024,2,11,42,6,0.0,0,0,train
366,2024-03-06,4,Wednesday,0,0,None,33.6,5.2,1,1,12.91,0.2,1,digital,10.33,145,2024-03-06T00:00:00Z,2024,3,6,66,2,2.5820000000000003,1,1,train
68,2024-03-08,1,Friday,0,0,None,32.0,5.7,1,1,10.05,0.0,0,none,10.05,89,2024-03-08T00:00:00Z,2024,3,8,68,4,0.0,0,0,train
211,2024-01-11,3,Thursday,0,0,None,28.0,0.0,0,0,13.51,0.0,0,none,13.51,118,2024-01-11T00:00:00Z,2024,1,11,11,3,0.0,0,0,train
169,2024-03-09,2,Saturday,1,0,None,32.9,2.1,1,0,12.37,0.3,1,display,8.66,188,2024-03-09T00:00:00Z,2024,3,9,69,5,3.7109999999999994,1,1,train
494,2024-04-03,5,Wednesday,0,0,None,33.1,0.0,1,0,12.42,0.0,0,none,12.42,127,2024-04-03T00:00:00Z,2024,4,3,94,2,0.0,0,0,train
376,2024-03-16,4,Saturday,1,0,None,30.8,4.9,0,0,14.66,0.0,0,none,14.66,125,2024-03-16T00:00:00Z,2024,3,16,76,5,0.0,0,0,train
401,2024-01-01,5,Monday,0,1,New Year,28.6,6.6,0,1,13.1,0.0,0,none,13.1,132,2024-01-01T00:00:00Z,2024,1,1,1,0,0.0,1,0,train
273,2024-03-13,3,Wednesday,0,0,None,28.3,5.0,0,1,12.24,0.0,0,none,12.24,117,2024-03-13T00:00:00Z,2024,3,13,73,2,0.0,0,0,train
110,2024-01-10,2,Wednesday,0,0,None,31.3,8.9,0,1,11.69,0.0,0,none,11.69,111,2024-01-10T00:00:00Z,2024,1,10,10,2,0.0,0,0,train
249,2024-02-18,3,Sunday,1,0,None,29.5,4.6,0,0,14.67,0.3,1,digital,10.27,182,2024-02-18T00:00:00Z,2024,2,18,49,6,4.401,1,1,train
146,2024-02-15,2,Thursday,0,0,None,28.5,2.6,0,0,11.16,0.0,0,none,11.16,100,2024-02-15T00:00:00Z,2024,2,15,46,3,0.0,0,0,train
93,2024-04-02,1,Tuesday,0,0,None,36.2,7.9,1,1,13.09,0.3,1,flyer,9.16,124,2024-04-02T00:00:00Z,2024,4,2,93,1,3.9269999999999996,1,0,train
153,2024-02-22,2,Thursday,0,0,None,27.3,2.5,0,0,12.56,0.0,0,none,12.56,107,2024-02-22T00:00:00Z,2024,2,22,53,3,0.0,0,0,train
368,2024-03-08,4,Friday,0,0,None,33.0,3.8,1,0,12.15,0.0,0,none,12.15,116,2024-03-08T00:00:00Z,2024,3,8,68,4,0.0,0,0,train
468,2024-03-08,5,Friday,0,0,None,34.8,5.7,1,1,10.48,0.0,0,none,10.48,122,2024-03-08T00:00:00Z,2024,3,8,68,4,0.0,0,0,train
84,2024-03-24,1,Sunday,1,0,None,28.8,0.0,0,0,10.38,0.0,0,none,10.38,97,2024-03-24T00:00:00Z,2024,3,24,84,6,0.0,0,0,train
246,2024-02-15,3,Thursday,0,0,None,33.2,5.5,1,1,11.71,0.1,1,display,10.54,154,2024-02-15T00:00:00Z,2024,2,15,46,3,1.171,1,1,train
166,2024-03-06,2,Wednesday,0,0,None,31.5,7.3,0,1,14.03,0.0,0,none,14.03,96,2024-03-06T00:00:00Z,2024,3,6,66,2,0.0,0,0,train
164,2024-03-04,2,Monday,0,0,None,30.9,5.5,0,1,12.95,0.0,0,none,12.95,103,2024-03-04T00:00:00Z,2024,3,4,64,0,0.0,0,0,train
200,2024-04-09,2,Tuesday,0,0,None,36.4,4.0,1,0,11.37,0.0,0,none,11.37,115,2024-04-09T00:00:00Z,2024,4,9,100,1,0.0,0,0,train
229,2024-01-29,3,Monday,0,0,None,23.8,4.0,0,0,11.24,0.1,1,display,10.12,146,2024-01-29T00:00:00Z,2024,1,29,29,0,1.124,1,1,train
75,2024-03-15,1,Friday,0,0,None,30.7,8.4,0,1,13.89,0.0,0,none,13.89,60,2024-03-15T00:00:00Z,2024,3,15,75,4,0.0,0,0,train
479,2024-03-19,5,Tuesday,0,0,None,31.5,3.9,0,0,14.25,0.0,0,none,14.25,108,2024-03-19T00:00:00Z,2024,3,19,79,1,0.0,0,0,train
359,2024-02-28,4,Wednesday,0,0,None,32.9,0.9,1,0,14.04,0.1,1,bundle,12.64,128,2024-02-28T00:00:00Z,2024,2,28,59,2,1.404,1,0,train
251,2024-02-20,3,Tuesday,0,0,None,30.4,8.6,0,1,13.05,0.0,0,none,13.05,106,2024-02-20T00:00:00Z,2024,2,20,51,1,0.0,0,0,train
120,2024-01-20,2,Saturday,1,0,None,26.8,3.3,0,0,14.21,0.0,0,none,14.21,114,2024-01-20T00:00:00Z,2024,1,20,20,5,0.0,0,0,train
311,2024-01-11,4,Thursday,0,0,None,29.2,6.1,0,1,14.4,0.3,1,digital,10.08,106,2024-01-11T00:00:00Z,2024,1,11,11,3,4.32,1,0,train
300,2024-04-09,3,Tuesday,0,0,None,34.5,8.3,1,1,12.65,0.0,0,none,12.65,141,2024-04-09T00:00:00Z,2024,4,9,100,1,0.0,0,1,train
256,2024-02-25,3,Sunday,1,0,None,30.8,5.0,0,1,14.2,0.0,0,none,14.2,121,2024-02-25T00:00:00Z,2024,2,25,56,6,0.0,0,0,train
355,2024-02-24,4,Saturday,1,1,Holiday_B,31.7,2.3,0,0,10.96,0.0,0,none,10.96,125,2024-02-24T00:00:00Z,2024,2,24,55,5,0.0,1,0,train
400,2024-04-09,4,Tuesday,0,0,None,32.8,2.2,1,0,14.97,0.0,0,none,14.97,127,2024-04-09T00:00:00Z,2024,4,9,100,1,0.0,0,0,train
226,2024-01-26,3,Friday,0,0,None,30.1,0.0,0,0,10.82,0.0,0,none,10.82,122,2024-01-26T00:00:00Z,2024,1,26,26,4,0.0,0,0,train
354,2024-02-23,4,Friday,0,0,None,32.1,1.2,1,0,13.6,0.0,0,none,13.6,106,2024-02-23T00:00:00Z,2024,2,23,54,4,0.0,0,0,train
235,2024-02-04,3,Sunday,1,0,None,30.9,0.0,0,0,10.66,0.0,0,none,10.66,132,2024-02-04T00:00:00Z,2024,2,4,35,6,0.0,0,0,train
383,2024-03-23,4,Saturday,1,0,None,33.0,2.3,1,0,13.39,0.0,0,none,13.39,134,2024-03-23T00:00:00Z,2024,3,23,83,5,0.0,0,1,train
275,2024-03-15,3,Friday,0,0,None,31.1,7.7,0,1,14.03,0.2,1,flyer,11.22,136,2024-03-15T00:00:00Z,2024,3,15,75,4,2.806,1,1,train
37,2024-02-06,1,Tuesday,0,0,None,32.3,0.0,1,0,14.25,0.0,0,none,14.25,103,2024-02-06T00:00:00Z,2024,2,6,37,1,0.0,0,0,train
197,2024-04-06,2,Saturday,1,1,Holiday_D,37.4,0.0,1,0,14.36,0.0,0,none,14.36,175,2024-04-06T00:00:00Z,2024,4,6,97,5,0.0,1,1,train
140,2024-02-09,2,Friday,0,0,None,31.0,0.0,0,0,12.98,0.1,1,bundle,11.68,111,2024-02-09T00:00:00Z,2024,2,9,40,4,1.298,1,0,train
365,2024-03-05,4,Tuesday,0,0,None,33.3,9.1,1,1,14.39,0.0,0,none,14.39,100,2024-03-05T00:00:00Z,2024,3,5,65,1,0.0,0,0,train
245,2024-02-14,3,Wednesday,0,0,None,30.1,2.1,0,0,13.21,0.0,0,none,13.21,120,2024-02-14T00:00:00Z,2024,2,14,45,2,0.0,0,0,train
440,2024-02-09,5,Friday,0,0,None,30.4,6.9,0,1,11.74,0.0,0,none,11.74,99,2024-02-09T00:00:00Z,2024,2,9,40,4,0.0,0,0,train
287,2024-03-27,3,Wednesday,0,0,None,34.4,1.7,1,0,13.85,0.0,0,none,13.85,144,2024-03-27T00:00:00Z,2024,3,27,87,2,0.0,0,1,train
60,2024-02-29,1,Thursday,0,0,None,30.2,6.9,0,1,14.34,0.2,1,display,11.47,107,2024-02-29T00:00:00Z,2024,2,29,60,3,2.8680000000000003,1,0,train
112,2024-01-12,2,Friday,0,0,None,27.6,2.2,0,0,14.03,0.2,1,flyer,11.22,106,2024-01-12T00:00:00Z,2024,1,12,12,4,2.806,1,0,train
90,2024-03-30,1,Saturday,1,0,None,30.4,0.0,0,0,11.34,0.2,1,digital,9.07,109,2024-03-30T00:00:00Z,2024,3,30,90,5,2.2680000000000002,1,0,train
437,2024-02-06,5,Tuesday,0,0,None,29.6,0.0,0,0,12.65,0.0,0,none,12.65,109,2024-02-06T00:00:00Z,2024,2,6,37,1,0.0,0,0,train
7,2024-01-07,1,Sunday,1,0,None,26.8,1.8,0,0,12.2,0.0,0,none,12.2,92,2024-01-07T00:00:00Z,2024,1,7,7,6,0.0,0,0,train
361,2024-03-01,4,Friday,0,1,Holiday_C,31.5,0.0,0,0,10.09,0.3,1,digital,7.06,156,2024-03-01T00:00:00Z,2024,3,1,61,4,3.0269999999999997,1,1,train
347,2024-02-16,4,Friday,0,0,None,30.8,0.0,0,0,14.49,0.0,0,none,14.49,90,2024-02-16T00:00:00Z,2024,2,16,47,4,0.0,0,0,train
339,2024-02-08,4,Thursday,0,0,None,33.3,2.0,1,0,13.93,0.0,0,none,13.93,106,2024-02-08T00:00:00Z,2024,2,8,39,3,0.0,0,0,train
159,2024-02-28,2,Wednesday,0,0,None,30.4,0.0,0,0,11.95,0.0,0,none,11.95,93,2024-02-28T00:00:00Z,2024,2,28,59,2,0.0,0,0,train
151,2024-02-20,2,Tuesday,0,0,None,29.3,2.6,0,0,13.87,0.1,1,flyer,12.48,120,2024-02-20T00:00:00Z,2024,2,20,51,1,1.387,1,0,train
178,2024-03-18,2,Monday,0,0,None,32.5,9.2,1,1,14.75,0.0,0,none,14.75,106,2024-03-18T00:00:00Z,2024,3,18,78,0,0.0,0,0,train
394,2024-04-03,4,Wednesday,0,0,None,32.1,0.0,1,0,10.65,0.0,0,none,10.65,104,2024-04-03T00:00:00Z,2024,4,3,94,2,0.0,0,0,train
185,2024-03-25,2,Monday,0,0,None,33.1,7.3,1,1,10.43,0.0,0,none,10.43,100,2024-03-25T00:00:00Z,2024,3,25,85,0,0.0,0,0,train
450,2024-02-19,5,Monday,0,0,None,29.3,2.3,0,0,12.16,0.0,0,none,12.16,121,2024-02-19T00:00:00Z,2024,2,19,50,0,0.0,0,0,train
11,2024-01-11,1,Thursday,0,0,None,25.3,0.0,0,0,10.7,0.0,0,none,10.7,85,2024-01-11T00:00:00Z,2024,1,11,11,3,0.0,0,0,train
381,2024-03-21,4,Thursday,0,0,None,32.3,0.5,1,0,10.57,0.0,0,none,10.57,101,2024-03-21T00:00:00Z,2024,3,21,81,3,0.0,0,0,train
104,2024-01-04,2,Thursday,0,0,None,28.1,6.2,0,1,13.8,0.0,0,none,13.8,96,2024-01-04T00:00:00Z,2024,1,4,4,3,0.0,0,0,train
82,2024-03-22,1,Friday,0,0,None,30.4,0.0,0,0,11.77,0.0,0,none,11.77,75,2024-03-22T00:00:00Z,2024,3,22,82,4,0.0,0,0,train
39,2024-02-08,1,Thursday,0,0,None,29.8,4.4,0,0,13.97,0.3,1,bundle,9.78,131,2024-02-08T00:00:00Z,2024,2,8,39,3,4.191,1,0,train
315,2024-01-15,4,Monday,0,0,None,25.9,3.0,0,0,13.22,0.0,0,none,13.22,85,2024-01-15T00:00:00Z,2024,1,15,15,0,0.0,0,0,train
168,2024-03-08,2,Friday,0,0,None,32.4,4.1,1,0,13.49,0.2,1,bundle,10.79,139,2024-03-08T00:00:00Z,2024,3,8,68,4,2.6980000000000004,1,1,train
470,2024-03-10,5,Sunday,1,0,None,34.5,2.3,1,0,12.66,0.0,0,none,12.66,157,2024-03-10T00:00:00Z,2024,3,10,70,6,0.0,0,1,train
297,2024-04-06,3,Saturday,1,1,Holiday_D,30.1,3.7,0,0,14.96,0.0,0,none,14.96,175,2024-04-06T00:00:00Z,2024,4,6,97,5,0.0,1,1,train
475,2024-03-15,5,Friday,0,0,None,33.4,0.0,1,0,10.75,0.0,0,none,10.75,122,2024-03-15T00:00:00Z,2024,3,15,75,4,0.0,0,0,train
199,2024-04-08,2,Monday,0,1,Holiday_E,32.1,0.0,1,0,13.97,0.0,0,none,13.97,148,2024-04-08T00:00:00Z,2024,4,8,99,0,0.0,1,1,train
298,2024-04-07,3,Sunday,1,0,None,37.4,8.0,1,1,10.41,0.2,1,flyer,8.33,177,2024-04-07T00:00:00Z,2024,4,7,98,6,2.0820000000000003,1,1,train
417,2024-01-17,5,Wednesday,0,0,None,25.8,5.5,0,1,11.46,0.3,1,digital,8.02,138,2024-01-17T00:00:00Z,2024,1,17,17,2,3.438,1,1,train
147,2024-02-16,2,Friday,0,0,None,30.2,2.5,0,0,13.26,0.0,0,none,13.26,97,2024-02-16T00:00:00Z,2024,2,16,47,4,0.0,0,0,train
393,2024-04-02,4,Tuesday,0,0,None,35.1,4.7,1,0,10.5,0.0,0,none,10.5,94,2024-04-02T00:00:00Z,2024,4,2,93,1,0.0,0,0,train
148,2024-02-17,2,Saturday,1,0,None,29.5,6.3,0,1,11.99,0.3,1,digital,8.39,141,2024-02-17T00:00:00Z,2024,2,17,48,5,3.597,1,1,train
448,2024-02-17,5,Saturday,1,0,None,30.3,0.0,0,0,14.79,0.0,0,none,14.79,143,2024-02-17T00:00:00Z,2024,2,17,48,5,0.0,0,1,train
288,2024-03-28,3,Thursday,0,0,None,31.7,1.4,0,0,13.8,0.0,0,none,13.8,120,2024-03-28T00:00:00Z,2024,3,28,88,3,0.0,0,0,train
124,2024-01-24,2,Wednesday,0,0,None,27.3,3.1,0,0,14.5,0.0,0,none,14.5,113,2024-01-24T00:00:00Z,2024,1,24,24,2,0.0,0,0,train
369,2024-03-09,4,Saturday,1,0,None,30.7,0.0,0,0,14.46,0.1,1,bundle,13.01,133,2024-03-09T00:00:00Z,2024,3,9,69,5,1.4460000000000002,1,1,train
97,2024-04-06,1,Saturday,1,1,Holiday_D,32.7,0.6,1,0,11.71,0.0,0,none,11.71,126,2024-04-06T00:00:00Z,2024,4,6,97,5,0.0,1,0,train
144,2024-02-13,2,Tuesday,0,0,None,25.9,1.6,0,0,11.87,0.3,1,bundle,8.31,133,2024-02-13T00:00:00Z,2024,2,13,44,1,3.5609999999999995,1,1,train
240,2024-02-09,3,Friday,0,0,None,27.8,6.2,0,1,10.45,0.1,1,display,9.4,124,2024-02-09T00:00:00Z,2024,2,9,40,4,1.045,1,0,train
443,2024-02-12,5,Monday,0,0,None,29.8,0.0,0,0,12.37,0.0,0,none,12.37,110,2024-02-12T00:00:00Z,2024,2,12,43,0,0.0,0,0,train
98,2024-04-07,1,Sunday,1,0,None,39.1,0.0,1,0,10.9,0.0,0,none,10.9,122,2024-04-07T00:00:00Z,2024,4,7,98,6,0.0,0,0,train
408,2024-01-08,5,Monday,0,0,None,31.0,7.7,0,1,14.42,0.3,1,bundle,10.09,140,2024-01-08T00:00:00Z,2024,1,8,8,0,4.326,1,1,train
123,2024-01-23,2,Tuesday,0,0,None,30.4,1.4,0,0,11.88,0.0,0,none,11.88,85,2024-01-23T00:00:00Z,2024,1,23,23,1,0.0,0,0,train
184,2024-03-24,2,Sunday,1,0,None,32.3,1.5,1,0,14.44,0.0,0,none,14.44,143,2024-03-24T00:00:00Z,2024,3,24,84,6,0.0,0,1,train
203,2024-01-03,3,Wednesday,0,0,None,28.1,2.1,0,0,14.32,0.0,0,none,14.32,124,2024-01-03T00:00:00Z,2024,1,3,3,2,0.0,0,0,train
247,2024-02-16,3,Friday,0,0,None,27.2,0.0,0,0,12.67,0.0,0,none,12.67,131,2024-02-16T00:00:00Z,2024,2,16,47,4,0.0,0,0,train
306,2024-01-06,4,Saturday,1,0,None,28.6,2.0,0,0,10.9,0.2,1,bundle,8.72,141,2024-01-06T00:00:00Z,2024,1,6,6,5,2.18,1,1,train
299,2024-04-08,3,Monday,0,1,Holiday_E,36.9,3.1,1,0,11.91,0.1,1,display,10.72,207,2024-04-08T00:00:00Z,2024,4,8,99,0,1.191,1,1,train
352,2024-02-21,4,Wednesday,0,0,None,27.5,4.9,0,0,13.8,0.0,0,none,13.8,88,2024-02-21T00:00:00Z,2024,2,21,52,2,0.0,0,0,train
387,2024-03-27,4,Wednesday,0,0,None,34.7,2.4,1,0,11.94,0.0,0,none,11.94,106,2024-03-27T00:00:00Z,2024,3,27,87,2,0.0,0,0,train
396,2024-04-05,4,Friday,0,0,None,35.0,0.0,1,0,10.76,0.0,0,none,10.76,109,2024-04-05T00:00:00Z,2024,4,5,96,4,0.0,0,0,train
285,2024-03-25,3,Monday,0,0,None,28.9,6.6,0,1,12.64,0.0,0,none,12.64,106,2024-03-25T00:00:00Z,2024,3,25,85,0,0.0,0,0,train
126,2024-01-26,2,Friday,0,0,None,29.1,0.0,0,0,12.67,0.1,1,display,11.4,109,2024-01-26T00:00:00Z,2024,1,26,26,4,1.2670000000000001,1,0,train
303,2024-01-03,4,Wednesday,0,0,None,26.8,0.0,0,0,12.2,0.0,0,none,12.2,95,2024-01-03T00:00:00Z,2024,1,3,3,2,0.0,0,0,train
224,2024-01-24,3,Wednesday,0,0,None,25.5,8.5,0,1,13.58,0.0,0,none,13.58,120,2024-01-24T00:00:00Z,2024,1,24,24,2,0.0,0,0,train
419,2024-01-19,5,Friday,0,0,None,31.0,1.1,0,0,13.6,0.0,0,none,13.6,109,2024-01-19T00:00:00Z,2024,1,19,19,4,0.0,0,0,train
220,2024-01-20,3,Saturday,1,0,None,28.9,3.2,0,0,13.4,0.0,0,none,13.4,139,2024-01-20T00:00:00Z,2024,1,20,20,5,0.0,0,1,train
130,2024-01-30,2,Tuesday,0,0,None,29.9,8.5,0,1,11.26,0.0,0,none,11.26,103,2024-01-30T00:00:00Z,2024,1,30,30,1,0.0,0,0,train
421,2024-01-21,5,Sunday,1,0,None,24.9,2.1,0,0,11.45,0.0,0,none,11.45,118,2024-01-21T00:00:00Z,2024,1,21,21,6,0.0,0,0,train
290,2024-03-30,3,Saturday,1,0,None,31.9,0.0,0,0,12.44,0.3,1,display,8.71,204,2024-03-30T00:00:00Z,2024,3,30,90,5,3.7319999999999998,1,1,train
445,2024-02-14,5,Wednesday,0,0,None,32.6,5.2,1,1,10.73,0.0,0,none,10.73,129,2024-02-14T00:00:00Z,2024,2,14,45,2,0.0,0,0,train
377,2024-03-17,4,Sunday,1,0,None,30.4,2.2,0,0,10.57,0.0,0,none,10.57,104,2024-03-17T00:00:00Z,2024,3,17,77,6,0.0,0,0,train
292,2024-04-01,3,Monday,0,0,None,31.8,8.9,0,1,13.93,0.1,1,digital,12.54,126,2024-04-01T00:00:00Z,2024,4,1,92,0,1.393,1,0,train
356,2024-02-25,4,Sunday,1,0,None,34.0,9.3,1,1,11.27,0.2,1,bundle,9.02,150,2024-02-25T00:00:00Z,2024,2,25,56,6,2.254,1,1,train
295,2024-04-04,3,Thursday,0,0,None,37.0,2.5,1,0,14.94,0.0,0,none,14.94,139,2024-04-04T00:00:00Z,2024,4,4,95,3,0.0,0,1,train
397,2024-04-06,4,Saturday,1,1,Holiday_D,40.3,0.0,1,0,11.23,0.0,0,none,11.23,158,2024-04-06T00:00:00Z,2024,4,6,97,5,0.0,1,1,train
341,2024-02-10,4,Saturday,1,1,Holiday_A,30.7,0.0,0,0,11.28,0.0,0,none,11.28,135,2024-02-10T00:00:00Z,2024,2,10,41,5,0.0,1,1,train
113,2024-01-13,2,Saturday,1,0,None,28.3,6.6,0,1,14.88,0.3,1,flyer,10.42,163,2024-01-13T00:00:00Z,2024,1,13,13,5,4.464,1,1,train
180,2024-03-20,2,Wednesday,0,0,None,35.2,0.0,1,0,11.1,0.0,0,none,11.1,121,2024-03-20T00:00:00Z,2024,3,20,80,2,0.0,0,0,train
308,2024-01-08,4,Monday,0,0,None,28.6,0.6,0,0,10.75,0.3,1,bundle,7.52,125,2024-01-08T00:00:00Z,2024,1,8,8,0,3.225,1,0,train
433,2024-02-02,5,Friday,0,0,None,31.7,8.2,0,1,10.18,0.3,1,display,7.13,148,2024-02-02T00:00:00Z,2024,2,2,33,4,3.054,1,1,train
488,2024-03-28,5,Thursday,0,0,None,33.4,1.4,1,0,11.95,0.0,0,none,11.95,129,2024-03-28T00:00:00Z,2024,3,28,88,3,0.0,0,0,train
482,2024-03-22,5,Friday,0,0,None,28.1,0.0,0,0,13.91,0.1,1,bundle,12.52,124,2024-03-22T00:00:00Z,2024,3,22,82,4,1.391,1,0,train
423,2024-01-23,5,Tuesday,0,0,None,26.1,6.7,0,1,10.51,0.0,0,none,10.51,109,2024-01-23T00:00:00Z,2024,1,23,23,1,0.0,0,0,train
234,2024-02-03,3,Saturday,1,0,None,29.6,3.3,0,0,12.61,0.0,0,none,12.61,141,2024-02-03T00:00:00Z,2024,2,3,34,5,0.0,0,1,train
312,2024-01-12,4,Friday,0,0,None,30.2,6.0,0,1,13.44,0.0,0,none,13.44,90,2024-01-12T00:00:00Z,2024,1,12,12,4,0.0,0,0,train
165,2024-03-05,2,Tuesday,0,0,None,30.5,2.0,0,0,14.75,0.1,1,display,13.28,101,2024-03-05T00:00:00Z,2024,3,5,65,1,1.475,1,0,train
137,2024-02-06,2,Tuesday,0,0,None,31.7,0.0,0,0,11.73,0.2,1,bundle,9.38,121,2024-02-06T00:00:00Z,2024,2,6,37,1,2.346,1,0,train
198,2024-04-07,2,Sunday,1,0,None,35.8,9.3,1,1,12.23,0.0,0,none,12.23,131,2024-04-07T00:00:00Z,2024,4,7,98,6,0.0,0,0,train
259,2024-02-28,3,Wednesday,0,0,None,34.4,0.0,1,0,13.68,0.0,0,none,13.68,141,2024-02-28T00:00:00Z,2024,2,28,59,2,0.0,0,1,train
233,2024-02-02,3,Friday,0,0,None,30.4,0.0,0,0,11.99,0.0,0,none,11.99,136,2024-02-02T00:00:00Z,2024,2,2,33,4,0.0,0,1,train
116,2024-01-16,2,Tuesday,0,0,None,27.4,0.0,0,0,10.77,0.0,0,none,10.77,106,2024-01-16T00:00:00Z,2024,1,16,16,1,0.0,0,0,train
121,2024-01-21,2,Sunday,1,0,None,28.7,1.4,0,0,10.82,0.0,0,none,10.82,118,2024-01-21T00:00:00Z,2024,1,21,21,6,0.0,0,0,train
350,2024-02-19,4,Monday,0,0,None,28.9,0.0,0,0,11.62,0.0,0,none,11.62,90,2024-02-19T00:00:00Z,2024,2,19,50,0,0.0,0,0,train
225,2024-01-25,3,Thursday,0,0,None,28.6,1.8,0,0,11.24,0.0,0,none,11.24,119,2024-01-25T00:00:00Z,2024,1,25,25,3,0.0,0,0,train
403,2024-01-03,5,Wednesday,0,0,None,28.5,10.1,0,1,13.95,0.1,1,flyer,12.56,119,2024-01-03T00:00:00Z,2024,1,3,3,2,1.395,1,0,train
398,2024-04-07,4,Sunday,1,0,None,37.0,5.2,1,1,12.54,0.0,0,none,12.54,125,2024-04-07T00:00:00Z,2024,4,7,98,6,0.0,0,0,train
128,2024-01-28,2,Sunday,1,0,None,26.3,3.3,0,0,11.71,0.3,1,flyer,8.2,153,2024-01-28T00:00:00Z,2024,1,28,28,6,3.5130000000000003,1,1,train
286,2024-03-26,3,Tuesday,0,0,None,31.6,2.5,0,0,11.84,0.0,0,none,11.84,128,2024-03-26T00:00:00Z,2024,3,26,86,1,0.0,0,0,train
412,2024-01-12,5,Friday,0,0,None,27.3,0.5,0,0,14.69,0.0,0,none,14.69,112,2024-01-12T00:00:00Z,2024,1,12,12,4,0.0,0,0,train
108,2024-01-08,2,Monday,0,0,None,25.4,0.0,0,0,12.37,0.0,0,none,12.37,102,2024-01-08T00:00:00Z,2024,1,8,8,0,0.0,0,0,train
371,2024-03-11,4,Monday,0,0,None,30.1,3.1,0,0,12.44,0.0,0,none,12.44,93,2024-03-11T00:00:00Z,2024,3,11,71,0,0.0,0,0,train
326,2024-01-26,4,Friday,0,0,None,29.5,0.0,0,0,12.15,0.2,1,bundle,9.72,113,2024-01-26T00:00:00Z,2024,1,26,26,4,2.43,1,0,train
134,2024-02-03,2,Saturday,1,0,None,30.9,10.5,0,1,13.68,0.0,0,none,13.68,120,2024-02-03T00:00:00Z,2024,2,3,34,5,0.0,0,0,train
453,2024-02-22,5,Thursday,0,0,None,30.4,0.4,0,0,14.54,0.3,1,display,10.18,153,2024-02-22T00:00:00Z,2024,2,22,53,3,4.361999999999999,1,1,train
45,2024-02-14,1,Wednesday,0,0,None,30.7,5.2,0,1,13.51,0.0,0,none,13.51,65,2024-02-14T00:00:00Z,2024,2,14,45,2,0.0,0,0,train
461,2024-03-01,5,Friday,0,1,Holiday_C,34.4,0.6,1,0,12.82,0.0,0,none,12.82,183,2024-03-01T00:00:00Z,2024,3,1,61,4,0.0,1,1,train
66,2024-03-06,1,Wednesday,0,0,None,32.8,5.0,1,1,12.14,0.1,1,digital,10.93,90,2024-03-06T00:00:00Z,2024,3,6,66,2,1.2140000000000002,1,0,train
284,2024-03-24,3,Sunday,1,0,None,30.6,4.2,0,0,12.55,0.0,0,none,12.55,133,2024-03-24T00:00:00Z,2024,3,24,84,6,0.0,0,1,train
86,2024-03-26,1,Tuesday,0,0,None,32.4,8.6,1,1,14.93,0.0,0,none,14.93,88,2024-03-26T00:00:00Z,2024,3,26,86,1,0.0,0,0,train
243,2024-02-12,3,Monday,0,0,None,27.3,7.7,0,1,13.05,0.0,0,none,13.05,98,2024-02-12T00:00:00Z,2024,2,12,43,0,0.0,0,0,train
187,2024-03-27,2,Wednesday,0,0,None,33.4,0.0,1,0,14.26,0.0,0,none,14.26,92,2024-03-27T00:00:00Z,2024,3,27,87,2,0.0,0,0,train
384,2024-03-24,4,Sunday,1,0,None,28.5,3.8,0,0,13.7,0.2,1,bundle,10.96,134,2024-03-24T00:00:00Z,2024,3,24,84,6,2.74,1,1,train
160,2024-02-29,2,Thursday,0,0,None,27.3,0.0,0,0,12.38,0.0,0,none,12.38,108,2024-02-29T00:00:00Z,2024,2,29,60,3,0.0,0,0,train
13,2024-01-13,1,Saturday,1,0,None,25.0,7.4,0,1,11.55,0.0,0,none,11.55,97,2024-01-13T00:00:00Z,2024,1,13,13,5,0.0,0,0,train
36,2024-02-05,1,Monday,0,0,None,30.9,0.0,0,0,11.19,0.0,0,none,11.19,85,2024-02-05T00:00:00Z,2024,2,5,36,0,0.0,0,0,train
29,2024-01-29,1,Monday,0,0,None,29.3,0.0,0,0,13.45,0.0,0,none,13.45,85,2024-01-29T00:00:00Z,2024,1,29,29,0,0.0,0,0,train
171,2024-03-11,2,Monday,0,0,None,31.1,1.8,0,0,13.48,0.0,0,none,13.48,110,2024-03-11T00:00:00Z,2024,3,11,71,0,0.0,0,0,train
143,2024-02-12,2,Monday,0,0,None,29.5,9.0,0,1,12.2,0.0,0,none,12.2,105,2024-02-12T00:00:00Z,2024,2,12,43,0,0.0,0,0,train
399,2024-04-08,4,Monday,0,1,Holiday_E,32.8,6.0,1,1,12.9,0.3,1,display,9.03,180,2024-04-08T00:00:00Z,2024,4,8,99,0,3.87,1,1,train
343,2024-02-12,4,Monday,0,0,None,27.4,0.0,0,0,13.99,0.0,0,none,13.99,84,2024-02-12T00:00:00Z,2024,2,12,43,0,0.0,0,0,train
222,2024-01-22,3,Monday,0,0,None,26.2,0.0,0,0,12.43,0.0,0,none,12.43,136,2024-01-22T00:00:00Z,2024,1,22,22,0,0.0,0,1,train
96,2024-04-05,1,Friday,0,0,None,36.3,7.8,1,1,13.1,0.1,1,flyer,11.79,101,2024-04-05T00:00:00Z,2024,4,5,96,4,1.31,1,0,train
52,2024-02-21,1,Wednesday,0,0,None,33.7,8.5,1,1,10.21,0.2,1,flyer,8.17,120,2024-02-21T00:00:00Z,2024,2,21,52,2,2.0420000000000003,1,0,train
241,2024-02-10,3,Saturday,1,1,Holiday_A,28.8,1.7,0,0,13.83,0.0,0,none,13.83,179,2024-02-10T00:00:00Z,2024,2,10,41,5,0.0,1,1,train
485,2024-03-25,5,Monday,0,0,None,28.4,0.4,0,0,10.59,0.0,0,none,10.59,111,2024-03-25T00:00:00Z,2024,3,25,85,0,0.0,0,0,train
379,2024-03-19,4,Tuesday,0,0,None,31.2,0.4,0,0,12.11,0.0,0,none,12.11,97,2024-03-19T00:00:00Z,2024,3,19,79,1,0.0,0,0,train
179,2024-03-19,2,Tuesday,0,0,None,34.0,2.1,1,0,13.07,0.3,1,flyer,9.15,173,2024-03-19T00:00:00Z,2024,3,19,79,1,3.921,1,1,train
42,2024-02-11,1,Sunday,1,0,None,31.5,1.2,0,0,14.26,0.0,0,none,14.26,98,2024-02-11T00:00:00Z,2024,2,11,42,6,0.0,0,0,train
499,2024-04-08,5,Monday,0,1,Holiday_E,37.0,4.1,1,0,10.77,0.2,1,display,8.62,211,2024-04-08T00:00:00Z,2024,4,8,99,0,2.154,1,1,train
422,2024-01-22,5,Monday,0,0,None,28.3,3.9,0,0,10.79,0.0,0,none,10.79,113,2024-01-22T00:00:00Z,2024,1,22,22,0,0.0,0,0,train
207,2024-01-07,3,Sunday,1,0,None,26.6,10.2,0,1,12.46,0.0,0,none,12.46,132,2024-01-07T00:00:00Z,2024,1,7,7,6,0.0,0,0,train
283,2024-03-23,3,Saturday,1,0,None,32.3,1.7,1,0,10.71,0.3,1,display,7.5,222,2024-03-23T00:00:00Z,2024,3,23,83,5,3.213,1,1,train
255,2024-02-24,3,Saturday,1,1,Holiday_B,30.9,3.6,0,0,14.1,0.0,0,none,14.1,177,2024-02-24T00:00:00Z,2024,2,24,55,5,0.0,1,1,train
413,2024-01-13,5,Saturday,1,0,None,28.9,4.9,0,0,10.52,0.3,1,flyer,7.36,184,2024-01-13T00:00:00Z,2024,1,13,13,5,3.1559999999999997,1,1,train
5,2024-01-05,1,Friday,0,0,None,26.2,0.0,0,0,13.93,0.0,0,none,13.93,81,2024-01-05T00:00:00Z,2024,1,5,5,4,0.0,0,0,train
257,2024-02-26,3,Monday,0,0,None,29.4,6.0,0,1,13.9,0.0,0,none,13.9,120,2024-02-26T00:00:00Z,2024,2,26,57,0,0.0,0,0,train
449,2024-02-18,5,Sunday,1,0,None,26.8,3.7,0,0,13.4,0.0,0,none,13.4,125,2024-02-18T00:00:00Z,2024,2,18,49,6,0.0,0,0,train
101,2024-01-01,2,Monday,0,1,New Year,31.4,12.5,0,1,14.47,0.0,0,none,14.47,121,2024-01-01T00:00:00Z,2024,1,1,1,0,0.0,1,0,train
227,2024-01-27,3,Saturday,1,0,None,28.7,2.7,0,0,13.28,0.0,0,none,13.28,147,2024-01-27T00:00:00Z,2024,1,27,27,5,0.0,0,1,train
430,2024-01-30,5,Tuesday,0,0,None,27.2,0.0,0,0,10.55,0.3,1,bundle,7.38,149,2024-01-30T00:00:00Z,2024,1,30,30,1,3.165,1,1,train
214,2024-01-14,3,Sunday,1,0,None,29.1,8.6,0,1,14.68,0.0,0,none,14.68,138,2024-01-14T00:00:00Z,2024,1,14,14,6,0.0,0,1,train
172,2024-03-12,2,Tuesday,0,0,None,30.2,2.3,0,0,13.95,0.0,0,none,13.95,96,2024-03-12T00:00:00Z,2024,3,12,72,1,0.0,0,0,train
99,2024-04-08,1,Monday,0,1,Holiday_E,33.5,9.7,1,1,14.87,0.3,1,display,10.41,150,2024-04-08T00:00:00Z,2024,4,8,99,0,4.460999999999999,1,1,train
293,2024-04-02,3,Tuesday,0,0,None,37.3,0.0,1,0,11.27,0.0,0,none,11.27,143,2024-04-02T00:00:00Z,2024,4,2,93,1,0.0,0,1,train
216,2024-01-16,3,Tuesday,0,0,None,29.3,7.2,0,1,14.47,0.0,0,none,14.47,110,2024-01-16T00:00:00Z,2024,1,16,16,1,0.0,0,0,train
62,2024-03-02,1,Saturday,1,0,None,31.5,4.8,0,0,10.98,0.2,1,bundle,8.78,123,2024-03-02T00:00:00Z,2024,3,2,62,5,2.196,1,0,train
48,2024-02-17,1,Saturday,1,0,None,30.4,0.0,0,0,12.89,0.0,0,none,12.89,80,2024-02-17T00:00:00Z,2024,2,17,48,5,0.0,0,0,train
33,2024-02-02,1,Friday,0,0,None,27.5,0.0,0,0,14.49,0.0,0,none,14.49,82,2024-02-02T00:00:00Z,2024,2,2,33,4,0.0,0,0,train
268,2024-03-08,3,Friday,0,0,None,30.6,0.0,0,0,10.48,0.0,0,none,10.48,125,2024-03-08T00:00:00Z,2024,3,8,68,4,0.0,0,0,train
328,2024-01-28,4,Sunday,1,0,None,31.5,9.6,0,1,13.05,0.2,1,flyer,10.44,118,2024-01-28T00:00:00Z,2024,1,28,28,6,2.6100000000000003,1,0,train
201,2024-01-01,3,Monday,0,1,New Year,29.3,2.6,0,0,13.19,0.0,0,none,13.19,144,2024-01-01T00:00:00Z,2024,1,1,1,0,0.0,1,1,train
447,2024-02-16,5,Friday,0,0,None,29.5,4.9,0,0,14.45,0.0,0,none,14.45,107,2024-02-16T00:00:00Z,2024,2,16,47,4,0.0,0,0,train
28,2024-01-28,1,Sunday,1,0,None,29.8,9.8,0,1,12.56,0.0,0,none,12.56,94,2024-01-28T00:00:00Z,2024,1,28,28,6,0.0,0,0,train
425,2024-01-25,5,Thursday,0,0,None,29.7,0.0,0,0,10.51,0.0,0,none,10.51,99,2024-01-25T00:00:00Z,2024,1,25,25,3,0.0,0,0,train
231,2024-01-31,3,Wednesday,0,0,None,27.4,11.3,0,1,12.79,0.3,1,bundle,8.95,151,2024-01-31T00:00:00Z,2024,1,31,31,2,3.8369999999999997,1,1,train
261,2024-03-01,3,Friday,0,1,Holiday_C,34.9,0.0,1,0,14.94,0.0,0,none,14.94,191,2024-03-01T00:00:00Z,2024,3,1,61,4,0.0,1,1,train
289,2024-03-29,3,Friday,0,0,None,32.2,0.0,1,0,10.06,0.0,0,none,10.06,136,2024-03-29T00:00:00Z,2024,3,29,89,4,0.0,0,1,train
163,2024-03-03,2,Sunday,1,0,None,31.9,10.1,0,1,12.17,0.0,0,none,12.17,115,2024-03-03T00:00:00Z,2024,3,3,63,6,0.0,0,0,train
426,2024-01-26,5,Friday,0,0,None,26.4,1.1,0,0,12.17,0.3,1,bundle,8.52,157,2024-01-26T00:00:00Z,2024,1,26,26,4,3.651,1,1,train
139,2024-02-08,2,Thursday,0,0,None,24.6,2.8,0,0,12.9,0.1,1,display,11.61,104,2024-02-08T00:00:00Z,2024,2,8,39,3,1.29,1,0,train
63,2024-03-03,1,Sunday,1,0,None,31.0,3.8,0,0,14.22,0.0,0,none,14.22,87,2024-03-03T00:00:00Z,2024,3,3,63,6,0.0,0,0,train
136,2024-02-05,2,Monday,0,0,None,31.0,0.6,0,0,14.01,0.0,0,none,14.01,99,2024-02-05T00:00:00Z,2024,2,5,36,0,0.0,0,0,train
129,2024-01-29,2,Monday,0,0,None,30.6,1.2,0,0,11.15,0.0,0,none,11.15,108,2024-01-29T00:00:00Z,2024,1,29,29,0,0.0,0,0,train
477,2024-03-17,5,Sunday,1,0,None,27.5,1.8,0,0,10.65,0.3,1,display,7.46,184,2024-03-17T00:00:00Z,2024,3,17,77,6,3.195,1,1,train
9,2024-01-09,1,Tuesday,0,0,None,25.3,3.8,0,0,14.7,0.2,1,digital,11.76,101,2024-01-09T00:00:00Z,2024,1,9,9,1,2.94,1,0,train
327,2024-01-27,4,Saturday,1,0,None,29.0,0.9,0,0,12.41,0.0,0,none,12.41,103,2024-01-27T00:00:00Z,2024,1,27,27,5,0.0,0,0,train
464,2024-03-04,5,Monday,0,0,None,29.1,5.0,0,1,11.63,0.0,0,none,11.63,118,2024-03-04T00:00:00Z,2024,3,4,64,0,0.0,0,0,train
65,2024-03-05,1,Tuesday,0,0,None,27.6,8.6,0,1,12.88,0.0,0,none,12.88,71,2024-03-05T00:00:00Z,2024,3,5,65,1,0.0,0,0,train
301,2024-01-01,4,Monday,0,1,New Year,26.7,6.7,0,1,12.91,0.2,1,display,10.33,144,2024-01-01T00:00:00Z,2024,1,1,1,0,2.5820000000000003,1,1,train
15,2024-01-15,1,Monday,0,0,None,29.9,6.2,0,1,13.85,0.0,0,none,13.85,103,2024-01-15T00:00:00Z,2024,1,15,15,0,0.0,0,0,train
157,2024-02-26,2,Monday,0,0,None,30.5,6.9,0,1,13.33,0.0,0,none,13.33,80,2024-02-26T00:00:00Z,2024,2,26,57,0,0.0,0,0,train
41,2024-02-10,1,Saturday,1,1,Holiday_A,30.1,2.5,0,0,14.7,0.0,0,none,14.7,119,2024-02-10T00:00:00Z,2024,2,10,41,5,0.0,1,0,train
380,2024-03-20,4,Wednesday,0,0,None,31.6,6.1,0,1,14.12,0.0,0,none,14.12,98,2024-03-20T00:00:00Z,2024,3,20,80,2,0.0,0,0,train
469,2024-03-09,5,Saturday,1,0,None,33.8,6.0,1,1,14.12,0.0,0,none,14.12,121,2024-03-09T00:00:00Z,2024,3,9,69,5,0.0,0,0,train
404,2024-01-04,5,Thursday,0,0,None,27.3,5.5,0,1,12.31,0.1,1,bundle,11.08,114,2024-01-04T00:00:00Z,2024,1,4,4,3,1.231,1,0,train
217,2024-01-17,3,Wednesday,0,0,None,30.6,3.8,0,0,13.22,0.0,0,none,13.22,134,2024-01-17T00:00:00Z,2024,1,17,17,2,0.0,0,1,train
280,2024-03-20,3,Wednesday,0,0,None,33.1,2.7,1,0,12.53,0.0,0,none,12.53,148,2024-03-20T00:00:00Z,2024,3,20,80,2,0.0,0,1,train
435,2024-02-04,5,Sunday,1,0,None,30.4,2.4,0,0,11.84,0.0,0,none,11.84,113,2024-02-04T00:00:00Z,2024,2,4,35,6,0.0,0,0,train
431,2024-01-31,5,Wednesday,0,0,None,30.5,5.5,0,1,14.29,0.0,0,none,14.29,106,2024-01-31T00:00:00Z,2024,1,31,31,2,0.0,0,0,train
338,2024-02-07,4,Wednesday,0,0,None,29.1,0.0,0,0,11.08,0.0,0,none,11.08,88,2024-02-07T00:00:00Z,2024,2,7,38,2,0.0,0,0,train
237,2024-02-06,3,Tuesday,0,0,None,29.8,2.9,0,0,14.15,0.0,0,none,14.15,123,2024-02-06T00:00:00Z,2024,2,6,37,1,0.0,0,0,train
208,2024-01-08,3,Monday,0,0,None,26.6,6.4,0,1,12.28,0.0,0,none,12.28,109,2024-01-08T00:00:00Z,2024,1,8,8,0,0.0,0,0,train
213,2024-01-13,3,Saturday,1,0,None,26.0,1.9,0,0,13.45,0.0,0,none,13.45,133,2024-01-13T00:00:00Z,2024,1,13,13,5,0.0,0,1,train
296,2024-04-05,3,Friday,0,0,None,34.8,7.4,1,1,10.18,0.0,0,none,10.18,141,2024-04-05T00:00:00Z,2024,4,5,96,4,0.0,0,1,train
458,2024-02-27,5,Tuesday,0,0,None,30.5,1.3,0,0,13.31,0.0,0,none,13.31,109,2024-02-27T00:00:00Z,2024,2,27,58,1,0.0,0,0,train
252,2024-02-21,3,Wednesday,0,0,None,31.9,0.0,0,0,13.41,0.0,0,none,13.41,118,2024-02-21T00:00:00Z,2024,2,21,52,2,0.0,0,0,train
489,2024-03-29,5,Friday,0,0,None,31.3,0.0,0,0,14.39,0.1,1,display,12.95,112,2024-03-29T00:00:00Z,2024,3,29,89,4,1.439,1,0,train
487,2024-03-27,5,Wednesday,0,0,None,30.4,3.0,0,0,14.68,0.0,0,none,14.68,99,2024-03-27T00:00:00Z,2024,3,27,87,2,0.0,0,0,train
304,2024-01-04,4,Thursday,0,0,None,28.3,1.1,0,0,14.43,0.0,0,none,14.43,87,2024-01-04T00:00:00Z,2024,1,4,4,3,0.0,0,0,train
351,2024-02-20,4,Tuesday,0,0,None,28.3,4.5,0,0,10.47,0.0,0,none,10.47,86,2024-02-20T00:00:00Z,2024,2,20,51,1,0.0,0,0,train
270,2024-03-10,3,Sunday,1,0,None,29.2,3.3,0,0,13.12,0.1,1,digital,11.81,161,2024-03-10T00:00:00Z,2024,3,10,70,6,1.312,1,1,train
202,2024-01-02,3,Tuesday,0,0,None,26.6,2.8,0,0,11.07,0.3,1,flyer,7.75,165,2024-01-02T00:00:00Z,2024,1,2,2,1,3.321,1,1,train
162,2024-03-02,2,Saturday,1,0,None,32.2,13.2,1,1,13.85,0.0,0,none,13.85,130,2024-03-02T00:00:00Z,2024,3,2,62,5,0.0,0,0,train
44,2024-02-13,1,Tuesday,0,0,None,33.5,3.9,1,0,12.59,0.2,1,bundle,10.07,113,2024-02-13T00:00:00Z,2024,2,13,44,1,2.5180000000000002,1,0,train
218,2024-01-18,3,Thursday,0,0,None,28.4,0.4,0,0,14.88,0.2,1,bundle,11.9,145,2024-01-18T00:00:00Z,2024,1,18,18,3,2.9760000000000004,1,1,train
402,2024-01-02,5,Tuesday,0,0,None,25.4,2.9,0,0,11.14,0.0,0,none,11.14,105,2024-01-02T00:00:00Z,2024,1,2,2,1,0.0,0,0,train
191,2024-03-31,2,Sunday,1,0,None,31.7,3.6,0,0,13.72,0.0,0,none,13.72,118,2024-03-31T00:00:00Z,2024,3,31,91,6,0.0,0,0,train
310,2024-01-10,4,Wednesday,0,0,None,26.3,2.3,0,0,12.79,0.0,0,none,12.79,98,2024-01-10T00:00:00Z,2024,1,10,10,2,0.0,0,0,train
260,2024-02-29,3,Thursday,0,0,None,30.9,7.9,0,1,11.16,0.0,0,none,11.16,127,2024-02-29T00:00:00Z,2024,2,29,60,3,0.0,0,0,train
106,2024-01-06,2,Saturday,1,0,None,26.4,4.9,0,0,14.34,0.0,0,none,14.34,120,2024-01-06T00:00:00Z,2024,1,6,6,5,0.0,0,0,train
54,2024-02-23,1,Friday,0,0,None,28.6,0.0,0,0,10.91,0.0,0,none,10.91,77,2024-02-23T00:00:00Z,2024,2,23,54,4,0.0,0,0,train
390,2024-03-30,4,Saturday,1,0,None,31.3,8.6,0,1,13.23,0.0,0,none,13.23,123,2024-03-30T00:00:00Z,2024,3,30,90,5,0.0,0,0,train
2,2024-01-02,1,Tuesday,0,0,None,27.5,9.3,0,1,14.85,0.0,0,none,14.85,82,2024-01-02T00:00:00Z,2024,1,2,2,1,0.0,0,0,train
442,2024-02-11,5,Sunday,1,0,None,30.5,2.1,0,0,11.51,0.0,0,none,11.51,138,2024-02-11T00:00:00Z,2024,2,11,42,6,0.0,0,1,train
483,2024-03-23,5,Saturday,1,0,None,32.5,1.7,1,0,14.22,0.0,0,none,14.22,153,2024-03-23T00:00:00Z,2024,3,23,83,5,0.0,0,1,train
50,2024-02-19,1,Monday,0,0,None,30.2,0.0,0,0,13.85,0.0,0,none,13.85,77,2024-02-19T00:00:00Z,2024,2,19,50,0,0.0,0,0,train
420,2024-01-20,5,Saturday,1,0,None,30.2,3.9,0,0,12.63,0.0,0,none,12.63,137,2024-01-20T00:00:00Z,2024,1,20,20,5,0.0,0,1,train
81,2024-03-21,1,Thursday,0,0,None,33.7,3.7,1,0,11.4,0.0,0,none,11.4,114,2024-03-21T00:00:00Z,2024,3,21,81,3,0.0,0,0,train
206,2024-01-06,3,Saturday,1,0,None,29.4,2.6,0,0,10.63,0.0,0,none,10.63,150,2024-01-06T00:00:00Z,2024,1,6,6,5,0.0,0,1,train
35,2024-02-04,1,Sunday,1,0,None,30.6,0.1,0,0,10.8,0.0,0,none,10.8,107,2024-02-04T00:00:00Z,2024,2,4,35,6,0.0,0,0,train
264,2024-03-04,3,Monday,0,0,None,30.6,0.7,0,0,10.34,0.0,0,none,10.34,118,2024-03-04T00:00:00Z,2024,3,4,64,0,0.0,0,0,train
428,2024-01-28,5,Sunday,1,0,None,27.7,8.7,0,1,10.83,0.0,0,none,10.83,128,2024-01-28T00:00:00Z,2024,1,28,28,6,0.0,0,0,train
367,2024-03-07,4,Thursday,0,0,None,30.5,3.1,0,0,10.57,0.3,1,digital,7.4,130,2024-03-07T00:00:00Z,2024,3,7,67,3,3.171,1,0,train
92,2024-04-01,1,Monday,0,0,None,33.9,4.7,1,0,12.1,0.0,0,none,12.1,107,2024-04-01T00:00:00Z,2024,4,1,92,0,0.0,0,0,train
340,2024-02-09,4,Friday,0,0,None,28.4,0.0,0,0,13.79,0.2,1,bundle,11.03,111,2024-02-09T00:00:00Z,2024,2,9,40,4,2.758,1,0,train
474,2024-03-14,5,Thursday,0,0,None,34.8,0.0,1,0,11.68,0.0,0,none,11.68,125,2024-03-14T00:00:00Z,2024,3,14,74,3,0.0,0,0,train
53,2024-02-22,1,Thursday,0,0,None,27.4,0.0,0,0,11.25,0.0,0,none,11.25,94,2024-02-22T00:00:00Z,2024,2,22,53,3,0.0,0,0,train
346,2024-02-15,4,Thursday,0,0,None,31.1,3.2,0,0,12.79,0.0,0,none,12.79,98,2024-02-15T00:00:00Z,2024,2,15,46,3,0.0,0,0,train
265,2024-03-05,3,Tuesday,0,0,None,30.8,5.8,0,1,14.4,0.0,0,none,14.4,118,2024-03-05T00:00:00Z,2024,3,5,65,1,0.0,0,0,train
242,2024-02-11,3,Sunday,1,0,None,31.5,6.2,0,1,11.48,0.0,0,none,11.48,128,2024-02-11T00:00:00Z,2024,2,11,42,6,0.0,0,0,train
14,2024-01-14,1,Sunday,1,0,None,26.2,6.3,0,1,10.6,0.0,0,none,10.6,90,2024-01-14T00:00:00Z,2024,1,14,14,6,0.0,0,0,train
316,2024-01-16,4,Tuesday,0,0,None,29.3,4.6,0,0,10.89,0.0,0,none,10.89,83,2024-01-16T00:00:00Z,2024,1,16,16,1,0.0,0,0,train
89,2024-03-29,1,Friday,0,0,None,35.2,5.4,1,1,11.21,0.3,1,display,7.85,119,2024-03-29T00:00:00Z,2024,3,29,89,4,3.363,1,0,train
388,2024-03-28,4,Thursday,0,0,None,34.2,3.3,1,0,11.13,0.2,1,digital,8.9,127,2024-03-28T00:00:00Z,2024,3,28,88,3,2.2260000000000004,1,0,train
274,2024-03-14,3,Thursday,0,0,None,37.0,3.0,1,0,11.04,0.1,1,digital,9.94,168,2024-03-14T00:00:00Z,2024,3,14,74,3,1.1039999999999999,1,1,train
167,2024-03-07,2,Thursday,0,0,None,34.6,7.2,1,1,12.45,0.1,1,flyer,11.2,131,2024-03-07T00:00:00Z,2024,3,7,67,3,1.245,1,0,train
329,2024-01-29,4,Monday,0,0,None,28.8,0.7,0,0,14.78,0.0,0,none,14.78,82,2024-01-29T00:00:00Z,2024,1,29,29,0,0.0,0,0,train
493,2024-04-02,5,Tuesday,0,0,None,34.5,0.0,1,0,13.52,0.0,0,none,13.52,117,2024-04-02T00:00:00Z,2024,4,2,93,1,0.0,0,0,train
135,2024-02-04,2,Sunday,1,0,None,28.0,2.5,0,0,10.62,0.2,1,digital,8.5,163,2024-02-04T00:00:00Z,2024,2,4,35,6,2.124,1,1,train
307,2024-01-07,4,Sunday,1,0,None,27.7,1.5,0,0,12.7,0.1,1,flyer,11.43,112,2024-01-07T00:00:00Z,2024,1,7,7,6,1.27,1,0,train
481,2024-03-21,5,Thursday,0,0,None,33.5,7.6,1,1,12.75,0.0,0,none,12.75,124,2024-03-21T00:00:00Z,2024,3,21,81,3,0.0,0,0,train
320,2024-01-20,4,Saturday,1,0,None,25.2,4.8,0,0,14.91,0.0,0,none,14.91,97,2024-01-20T00:00:00Z,2024,1,20,20,5,0.0,0,0,train
244,2024-02-13,3,Tuesday,0,0,None,32.1,11.8,1,1,12.22,0.0,0,none,12.22,146,2024-02-13T00:00:00Z,2024,2,13,44,1,0.0,0,1,train
55,2024-02-24,1,Saturday,1,1,Holiday_B,30.4,5.3,0,1,13.29,0.0,0,none,13.29,127,2024-02-24T00:00:00Z,2024,2,24,55,5,0.0,1,0,train
364,2024-03-04,4,Monday,0,0,None,31.5,0.0,0,0,11.13,0.1,1,bundle,10.02,105,2024-03-04T00:00:00Z,2024,3,4,64,0,1.1130000000000002,1,0,train
51,2024-02-20,1,Tuesday,0,0,None,31.1,0.0,0,0,10.26,0.0,0,none,10.26,99,2024-02-20T00:00:00Z,2024,2,20,51,1,0.0,0,0,train
457,2024-02-26,5,Monday,0,0,None,27.5,5.4,0,1,14.24,0.0,0,none,14.24,101,2024-02-26T00:00:00Z,2024,2,26,57,0,0.0,0,0,train
175,2024-03-15,2,Friday,0,0,None,33.8,4.3,1,0,12.09,0.2,1,flyer,9.67,161,2024-03-15T00:00:00Z,2024,3,15,75,4,2.418,1,1,train
446,2024-02-15,5,Thursday,0,0,None,32.3,9.3,1,1,11.73,0.0,0,none,11.73,117,2024-02-15T00:00:00Z,2024,2,15,46,3,0.0,0,0,train
190,2024-03-30,2,Saturday,1,0,None,33.0,7.3,1,1,13.76,0.0,0,none,13.76,140,2024-03-30T00:00:00Z,2024,3,30,90,5,0.0,0,1,train
497,2024-04-06,5,Saturday,1,1,Holiday_D,32.4,6.3,1,1,14.83,0.0,0,none,14.83,194,2024-04-06T00:00:00Z,2024,4,6,97,5,0.0,1,1,train
188,2024-03-28,2,Thursday,0,0,None,30.3,7.8,0,1,13.39,0.0,0,none,13.39,98,2024-03-28T00:00:00Z,2024,3,28,88,3,0.0,0,0,train
170,2024-03-10,2,Sunday,1,0,None,32.1,6.8,1,1,12.98,0.0,0,none,12.98,127,2024-03-10T00:00:00Z,2024,3,10,70,6,0.0,0,0,train
59,2024-02-28,1,Wednesday,0,0,None,29.4,5.1,0,1,14.67,0.0,0,none,14.67,101,2024-02-28T00:00:00Z,2024,2,28,59,2,0.0,0,0,train
49,2024-02-18,1,Sunday,1,0,None,29.9,0.9,0,0,11.43,0.0,0,none,11.43,89,2024-02-18T00:00:00Z,2024,2,18,49,6,0.0,0,0,train
345,2024-02-14,4,Wednesday,0,0,None,32.5,0.2,1,0,11.56,0.0,0,none,11.56,99,2024-02-14T00:00:00Z,2024,2,14,45,2,0.0,0,0,train
236,2024-02-05,3,Monday,0,0,None,31.0,5.4,0,1,11.17,0.0,0,none,11.17,108,2024-02-05T00:00:00Z,2024,2,5,36,0,0.0,0,0,train
253,2024-02-22,3,Thursday,0,0,None,30.2,0.0,0,0,10.53,0.0,0,none,10.53,107,2024-02-22T00:00:00Z,2024,2,22,53,3,0.0,0,0,train
22,2024-01-22,1,Monday,0,0,None,27.7,3.9,0,0,11.82,0.0,0,none,11.82,64,2024-01-22T00:00:00Z,2024,1,22,22,0,0.0,0,0,train
314,2024-01-14,4,Sunday,1,0,None,28.6,6.1,0,1,12.35,0.3,1,bundle,8.64,143,2024-01-14T00:00:00Z,2024,1,14,14,6,3.7049999999999996,1,1,train
460,2024-02-29,5,Thursday,0,0,None,32.6,8.7,1,1,12.89,0.1,1,bundle,11.6,136,2024-02-29T00:00:00Z,2024,2,29,60,3,1.2890000000000001,1,1,train
161,2024-03-01,2,Friday,0,1,Holiday_C,33.0,3.7,1,0,11.07,0.0,0,none,11.07,151,2024-03-01T00:00:00Z,2024,3,1,61,4,0.0,1,1,train
277,2024-03-17,3,Sunday,1,0,None,32.1,3.0,1,0,14.11,0.0,0,none,14.11,165,2024-03-17T00:00:00Z,2024,3,17,77,6,0.0,0,1,train
444,2024-02-13,5,Tuesday,0,0,None,30.5,0.0,0,0,10.7,0.0,0,none,10.7,105,2024-02-13T00:00:00Z,2024,2,13,44,1,0.0,0,0,train
192,2024-04-01,2,Monday,0,0,None,34.2,3.1,1,0,11.44,0.0,0,none,11.44,130,2024-04-01T00:00:00Z,2024,4,1,92,0,0.0,0,0,train
386,2024-03-26,4,Tuesday,0,0,None,35.1,2.3,1,0,11.08,0.2,1,display,8.86,128,2024-03-26T00:00:00Z,2024,3,26,86,1,2.216,1,0,train
294,2024-04-03,3,Wednesday,0,0,None,36.8,8.6,1,1,14.45,0.1,1,bundle,13.0,163,2024-04-03T00:00:00Z,2024,4,3,94,2,1.445,1,1,train
414,2024-01-14,5,Sunday,1,0,None,26.6,6.8,0,1,11.53,0.0,0,none,11.53,111,2024-01-14T00:00:00Z,2024,1,14,14,6,0.0,0,0,train
344,2024-02-13,4,Tuesday,0,0,None,25.7,0.0,0,0,10.98,0.0,0,none,10.98,88,2024-02-13T00:00:00Z,2024,2,13,44,1,0.0,0,0,train
258,2024-02-27,3,Tuesday,0,0,None,28.9,10.3,0,1,13.12,0.0,0,none,13.12,107,2024-02-27T00:00:00Z,2024,2,27,58,1,0.0,0,0,train
309,2024-01-09,4,Tuesday,0,0,None,26.1,0.0,0,0,13.06,0.1,1,digital,11.75,102,2024-01-09T00:00:00Z,2024,1,9,9,1,1.306,1,0,train
150,2024-02-19,2,Monday,0,0,None,27.5,6.7,0,1,14.13,0.3,1,flyer,9.89,128,2024-02-19T00:00:00Z,2024,2,19,50,0,4.239,1,0,train
131,2024-01-31,2,Wednesday,0,0,None,25.9,0.9,0,0,12.0,0.2,1,flyer,9.6,129,2024-01-31T00:00:00Z,2024,1,31,31,2,2.4000000000000004,1,0,train
152,2024-02-21,2,Wednesday,0,0,None,29.3,1.6,0,0,14.93,0.0,0,none,14.93,102,2024-02-21T00:00:00Z,2024,2,21,52,2,0.0,0,0,train
360,2024-02-29,4,Thursday,0,0,None,30.7,0.0,0,0,11.91,0.0,0,none,11.91,79,2024-02-29T00:00:00Z,2024,2,29,60,3,0.0,0,0,train
100,2024-04-09,1,Tuesday,0,0,None,36.0,1.0,1,0,10.16,0.0,0,none,10.16,104,2024-04-09T00:00:00Z,2024,4,9,100,1,0.0,0,0,train
373,2024-03-13,4,Wednesday,0,0,None,31.8,2.3,0,0,12.36,0.0,0,none,12.36,88,2024-03-13T00:00:00Z,2024,3,13,73,2,0.0,0,0,train
88,2024-03-28,1,Thursday,0,0,None,32.2,4.4,1,0,14.57,0.0,0,none,14.57,111,2024-03-28T00:00:00Z,2024,3,28,88,3,0.0,0,0,train
459,2024-02-28,5,Wednesday,0,0,None,29.3,0.4,0,0,14.6,0.0,0,none,14.6,105,2024-02-28T00:00:00Z,2024,2,28,59,2,0.0,0,0,train
331,2024-01-31,4,Wednesday,0,0,None,27.4,9.3,0,1,14.27,0.1,1,display,12.84,97,2024-01-31T00:00:00Z,2024,1,31,31,2,1.427,1,0,train
215,2024-01-15,3,Monday,0,0,None,28.1,0.4,0,0,14.35,0.0,0,none,14.35,127,2024-01-15T00:00:00Z,2024,1,15,15,0,0.0,0,0,train
467,2024-03-07,5,Thursday,0,0,None,30.3,0.0,0,0,10.16,0.0,0,none,10.16,99,2024-03-07T00:00:00Z,2024,3,7,67,3,0.0,0,0,train
122,2024-01-22,2,Monday,0,0,None,27.2,4.2,0,0,14.39,0.0,0,none,14.39,117,2024-01-22T00:00:00Z,2024,1,22,22,0,0.0,0,0,train
500,2024-04-09,5,Tuesday,0,0,None,35.6,9.7,1,1,12.04,0.0,0,none,12.04,131,2024-04-09T00:00:00Z,2024,4,9,100,1,0.0,0,0,train
21,2024-01-21,1,Sunday,1,0,None,22.7,4.4,0,0,10.6,0.0,0,none,10.6,96,2024-01-21T00:00:00Z,2024,1,21,21,6,0.0,0,0,train
189,2024-03-29,2,Friday,0,0,None,28.7,4.9,0,0,13.29,0.3,1,digital,9.3,143,2024-03-29T00:00:00Z,2024,3,29,89,4,3.9869999999999997,1,1,train
72,2024-03-12,1,Tuesday,0,0,None,31.7,0.0,0,0,13.81,0.0,0,none,13.81,77,2024-03-12T00:00:00Z,2024,3,12,72,1,0.0,0,0,train
107,2024-01-07,2,Sunday,1,0,None,25.7,0.0,0,0,13.69,0.0,0,none,13.69,117,2024-01-07T00:00:00Z,2024,1,7,7,6,0.0,0,0,train
271,2024-03-11,3,Monday,0,0,None,32.4,1.8,1,0,14.13,0.0,0,none,14.13,150,2024-03-11T00:00:00Z,2024,3,11,71,0,0.0,0,1,train
349,2024-02-18,4,Sunday,1,0,None,28.9,6.8,0,1,14.28,0.2,1,flyer,11.42,125,2024-02-18T00:00:00Z,2024,2,18,49,6,2.856,1,0,train
436,2024-02-05,5,Monday,0,0,None,30.2,0.0,0,0,10.62,0.0,0,none,10.62,101,2024-02-05T00:00:00Z,2024,2,5,36,0,0.0,0,0,train
103,2024-01-03,2,Wednesday,0,0,None,25.5,3.2,0,0,10.01,0.0,0,none,10.01,101,2024-01-03T00:00:00Z,2024,1,3,3,2,0.0,0,0,train
