record_id,date,store_id,day_of_week,is_weekend,is_holiday,holiday_name,max_temp_c,rainfall_mm,is_hot_day,is_rainy_day,base_price,discount_pct,is_promo,promo_type,final_price,units_sold,high_demand
1,2024-01-01,1,Monday,0,1,New Year,29.0,2.4,0,0,12.99,0.0,0,none,12.99,102,1
2,2024-01-02,1,Tuesday,0,0,,27.5,9.3,0,1,14.85,0.0,0,none,14.85,82,0
3,2024-01-03,1,Wednesday,0,0,,27.1,5.2,0,1,10.92,0.0,0,none,10.92,78,0
4,2024-01-04,1,Thursday,0,0,,24.2,0.0,0,0,10.7,0.0,0,none,10.7,76,0
5,2024-01-05,1,Friday,0,0,,26.2,0.0,0,0,13.93,0.0,0,none,13.93,81,0
6,2024-01-06,1,Saturday,1,0,,25.2,0.8,0,0,10.85,0.0,0,none,10.85,93,0
7,2024-01-07,1,Sunday,1,0,,26.8,1.8,0,0,12.2,0.0,0,none,12.2,92,0
8,2024-01-08,1,Monday,0,0,,25.9,6.3,0,1,12.6,0.0,0,none,12.6,66,0
9,2024-01-09,1,Tuesday,0,0,,25.3,3.8,0,0,14.7,0.2,1,digital,11.76,101,1
10,2024-01-10,1,Wednesday,0,0,,29.8,0.0,0,0,14.14,0.0,0,none,14.14,67,0
11,2024-01-11,1,Thursday,0,0,,25.3,0.0,0,0,10.7,0.0,0,none,10.7,85,0
12,2024-01-12,1,Friday,0,0,,29.8,6.6,0,1,11.79,0.0,0,none,11.79,82,0
13,2024-01-13,1,Saturday,1,0,,25.0,7.4,0,1,11.55,0.0,0,none,11.55,97,0
14,2024-01-14,1,Sunday,1,0,,26.2,6.3,0,1,10.6,0.0,0,none,10.6,90,0
15,2024-01-15,1,Monday,0,0,,29.9,6.2,0,1,13.85,0.0,0,none,13.85,103,1
16,2024-01-16,1,Tuesday,0,0,,26.2,1.4,0,0,10.16,0.0,0,none,10.16,80,0
17,2024-01-17,1,Wednesday,0,0,,25.2,7.2,0,1,14.54,0.0,0,none,14.54,72,0
18,2024-01-18,1,Thursday,0,0,,25.0,0.0,0,0,11.45,0.0,0,none,11.45,86,0
19,2024-01-19,1,Friday,0,0,,29.0,7.6,0,1,12.7,0.2,1,flyer,10.16,89,0
20,2024-01-20,1,Saturday,1,0,,27.3,1.4,0,0,10.03,0.1,1,bundle,9.03,91,0
21,2024-01-21,1,Sunday,1,0,,22.7,4.4,0,0,10.6,0.0,0,none,10.6,96,0
22,2024-01-22,1,Monday,0,0,,27.7,3.9,0,0,11.82,0.0,0,none,11.82,64,0
23,2024-01-23,1,Tuesday,0,0,,28.0,0.0,0,0,11.42,0.0,0,none,11.42,81,0
24,2024-01-24,1,Wednesday,0,0,,27.1,0.4,0,0,14.54,0.0,0,none,14.54,80,0
25,2024-01-25,1,Thursday,0,0,,26.9,1.3,0,0,14.93,0.0,0,none,14.93,86,0
26,2024-01-26,1,Friday,0,0,,25.7,0.0,0,0,11.84,0.0,0,none,11.84,86,0
27,2024-01-27,1,Saturday,1,0,,30.8,8.6,0,1,10.45,0.0,0,none,10.45,83,0
28,2024-01-28,1,Sunday,1,0,,29.8,9.8,0,1,12.56,0.0,0,none,12.56,94,0
29,2024-01-29,1,Monday,0,0,,29.3,0.0,0,0,13.45,0.0,0,none,13.45,85,0
30,2024-01-30,1,Tuesday,0,0,,27.7,1.4,0,0,14.62,0.0,0,none,14.62,73,0
31,2024-01-31,1,Wednesday,0,0,,27.3,5.2,0,1,14.09,0.0,0,none,14.09,87,0
32,2024-02-01,1,Thursday,0,0,,35.1,1.7,1,0,13.17,0.1,1,digital,11.85,106,1
33,2024-02-02,1,Friday,0,0,,27.5,0.0,0,0,14.49,0.0,0,none,14.49,82,0
34,2024-02-03,1,Saturday,1,0,,30.7,0.3,0,0,14.49,0.0,0,none,14.49,94,0
35,2024-02-04,1,Sunday,1,0,,30.6,0.1,0,0,10.8,0.0,0,none,10.8,107,1
36,2024-02-05,1,Monday,0,0,,30.9,0.0,0,0,11.19,0.0,0,none,11.19,85,0
37,2024-02-06,1,Tuesday,0,0,,32.3,0.0,1,0,14.25,0.0,0,none,14.25,103,1
38,2024-02-07,1,Wednesday,0,0,,33.8,2.0,1,0,11.22,0.0,0,none,11.22,90,0
39,2024-02-08,1,Thursday,0,0,,29.8,4.4,0,0,13.97,0.3,1,bundle,9.78,131,1
40,2024-02-09,1,Friday,0,0,,30.2,0.0,0,0,11.4,0.0,0,none,11.4,80,0
41,2024-02-10,1,Saturday,1,1,Holiday_A,30.1,2.5,0,0,14.7,0.0,0,none,14.7,119,1
42,2024-02-11,1,Sunday,1,0,,31.5,1.2,0,0,14.26,0.0,0,none,14.26,98,0
43,2024-02-12,1,Monday,0,0,,28.1,0.9,0,0,14.68,0.0,0,none,14.68,85,0
44,2024-02-13,1,Tuesday,0,0,,33.5,3.9,1,0,12.59,0.2,1,bundle,10.07,113,1
45,2024-02-14,1,Wednesday,0,0,,30.7,5.2,0,1,13.51,0.0,0,none,13.51,65,0
46,2024-02-15,1,Thursday,0,0,,28.1,5.1,0,1,12.56,0.1,1,digital,11.3,89,0
47,2024-02-16,1,Friday,0,0,,32.9,3.0,1,0,13.51,0.0,0,none,13.51,98,0
48,2024-02-17,1,Saturday,1,0,,30.4,0.0,0,0,12.89,0.0,0,none,12.89,80,0
49,2024-02-18,1,Sunday,1,0,,29.9,0.9,0,0,11.43,0.0,0,none,11.43,89,0
50,2024-02-19,1,Monday,0,0,,30.2,0.0,0,0,13.85,0.0,0,none,13.85,77,0
51,2024-02-20,1,Tuesday,0,0,,31.1,0.0,0,0,10.26,0.0,0,none,10.26,99,0
52,2024-02-21,1,Wednesday,0,0,,33.7,8.5,1,1,10.21,0.2,1,flyer,8.17,120,1
53,2024-02-22,1,Thursday,0,0,,27.4,0.0,0,0,11.25,0.0,0,none,11.25,94,0
54,2024-02-23,1,Friday,0,0,,28.6,0.0,0,0,10.91,0.0,0,none,10.91,77,0
55,2024-02-24,1,Saturday,1,1,Holiday_B,30.4,5.3,0,1,13.29,0.0,0,none,13.29,127,1
56,2024-02-25,1,Sunday,1,0,,29.1,3.3,0,0,10.6,0.0,0,none,10.6,87,0
57,2024-02-26,1,Monday,0,0,,28.6,1.9,0,0,11.56,0.0,0,none,11.56,76,0
58,2024-02-27,1,Tuesday,0,0,,32.2,11.5,1,1,14.75,0.0,0,none,14.75,87,0
59,2024-02-28,1,Wednesday,0,0,,29.4,5.1,0,1,14.67,0.0,0,none,14.67,101,1
60,2024-02-29,1,Thursday,0,0,,30.2,6.9,0,1,14.34,0.2,1,display,11.47,107,1
61,2024-03-01,1,Friday,0,1,Holiday_C,34.3,5.1,1,1,12.87,0.0,0,none,12.87,120,1
62,2024-03-02,1,Saturday,1,0,,31.5,4.8,0,0,10.98,0.2,1,bundle,8.78,123,1
63,2024-03-03,1,Sunday,1,0,,31.0,3.8,0,0,14.22,0.0,0,none,14.22,87,0
64,2024-03-04,1,Monday,0,0,,31.3,6.8,0,1,14.84,0.1,1,display,13.36,97,0
65,2024-03-05,1,Tuesday,0,0,,27.6,8.6,0,1,12.88,0.0,0,none,12.88,71,0
66,2024-03-06,1,Wednesday,0,0,,32.8,5.0,1,1,12.14,0.1,1,digital,10.93,90,0
67,2024-03-07,1,Thursday,0,0,,33.7,6.3,1,1,14.51,0.0,0,none,14.51,102,1
68,2024-03-08,1,Friday,0,0,,32.0,5.7,1,1,10.05,0.0,0,none,10.05,89,0
69,2024-03-09,1,Saturday,1,0,,32.6,2.5,1,0,13.16,0.3,1,flyer,9.21,136,1
70,2024-03-10,1,Sunday,1,0,,31.1,7.8,0,1,13.95,0.3,1,digital,9.76,109,1
71,2024-03-11,1,Monday,0,0,,32.0,0.0,1,0,12.75,0.0,0,none,12.75,104,1
72,2024-03-12,1,Tuesday,0,0,,31.7,0.0,0,0,13.81,0.0,0,none,13.81,77,0
73,2024-03-13,1,Wednesday,0,0,,30.4,4.0,0,0,13.5,0.0,0,none,13.5,76,0
74,2024-03-14,1,Thursday,0,0,,32.5,0.0,1,0,14.93,0.3,1,bundle,10.45,119,1
75,2024-03-15,1,Friday,0,0,,30.7,8.4,0,1,13.89,0.0,0,none,13.89,60,0
76,2024-03-16,1,Saturday,1,0,,35.1,1.8,1,0,10.28,0.0,0,none,10.28,110,1
77,2024-03-17,1,Sunday,1,0,,34.5,6.1,1,1,14.81,0.0,0,none,14.81,93,0
78,2024-03-18,1,Monday,0,0,,30.3,1.6,0,0,12.78,0.1,1,digital,11.5,93,0
79,2024-03-19,1,Tuesday,0,0,,31.5,2.6,0,0,12.77,0.1,1,digital,11.49,90,0
80,2024-03-20,1,Wednesday,0,0,,33.0,8.8,1,1,13.14,0.0,0,none,13.14,99,0
81,2024-03-21,1,Thursday,0,0,,33.7,3.7,1,0,11.4,0.0,0,none,11.4,114,1
82,2024-03-22,1,Friday,0,0,,30.4,0.0,0,0,11.77,0.0,0,none,11.77,75,0
83,2024-03-23,1,Saturday,1,0,,30.5,3.6,0,0,10.16,0.3,1,flyer,7.11,120,1
84,2024-03-24,1,Sunday,1,0,,28.8,0.0,0,0,10.38,0.0,0,none,10.38,97,0
85,2024-03-25,1,Monday,0,0,,31.8,5.6,0,1,14.6,0.0,0,none,14.6,66,0
86,2024-03-26,1,Tuesday,0,0,,32.4,8.6,1,1,14.93,0.0,0,none,14.93,88,0
87,2024-03-27,1,Wednesday,0,0,,34.7,0.3,1,0,14.15,0.0,0,none,14.15,90,0
88,2024-03-28,1,Thursday,0,0,,32.2,4.4,1,0,14.57,0.0,0,none,14.57,111,1
89,2024-03-29,1,Friday,0,0,,35.2,5.4,1,1,11.21,0.3,1,display,7.85,119,1
90,2024-03-30,1,Saturday,1,0,,30.4,0.0,0,0,11.34,0.2,1,digital,9.07,109,1
91,2024-03-31,1,Sunday,1,0,,32.0,1.3,1,0,14.16,0.0,0,none,14.16,118,1
92,2024-04-01,1,Monday,0,0,,33.9,4.7,1,0,12.1,0.0,0,none,12.1,107,1
93,2024-04-02,1,Tuesday,0,0,,36.2,7.9,1,1,13.09,0.3,1,flyer,9.16,124,1
94,2024-04-03,1,Wednesday,0,0,,35.5,6.3,1,1,13.63,0.0,0,none,13.63,108,1
95,2024-04-04,1,Thursday,0,0,,30.9,10.8,0,1,12.62,0.2,1,bundle,10.1,102,1
96,2024-04-05,1,Friday,0,0,,36.3,7.8,1,1,13.1,0.1,1,flyer,11.79,101,1
97,2024-04-06,1,Saturday,1,1,Holiday_D,32.7,0.6,1,0,11.71,0.0,0,none,11.71,126,1
98,2024-04-07,1,Sunday,1,0,,39.1,0.0,1,0,10.9,0.0,0,none,10.9,122,1
99,2024-04-08,1,Monday,0,1,Holiday_E,33.5,9.7,1,1,14.87,0.3,1,display,10.41,150,1
100,2024-04-09,1,Tuesday,0,0,,36.0,1.0,1,0,10.16,0.0,0,none,10.16,104,1
101,2024-01-01,2,Monday,0,1,New Year,31.4,12.5,0,1,14.47,0.0,0,none,14.47,121,1
102,2024-01-02,2,Tuesday,0,0,,26.4,0.5,0,0,13.44,0.0,0,none,13.44,98,0
103,2024-01-03,2,Wednesday,0,0,,25.5,3.2,0,0,10.01,0.0,0,none,10.01,101,1
104,2024-01-04,2,Thursday,0,0,,28.1,6.2,0,1,13.8,0.0,0,none,13.8,96,0
105,2024-01-05,2,Friday,0,0,,31.6,4.0,0,0,10.74,0.0,0,none,10.74,103,1
106,2024-01-06,2,Saturday,1,0,,26.4,4.9,0,0,14.34,0.0,0,none,14.34,120,1
107,2024-01-07,2,Sunday,1,0,,25.7,0.0,0,0,13.69,0.0,0,none,13.69,117,1
108,2024-01-08,2,Monday,0,0,,25.4,0.0,0,0,12.37,0.0,0,none,12.37,102,1
109,2024-01-09,2,Tuesday,0,0,,30.7,0.0,0,0,12.92,0.0,0,none,12.92,103,1
110,2024-01-10,2,Wednesday,0,0,,31.3,8.9,0,1,11.69,0.0,0,none,11.69,111,1
111,2024-01-11,2,Thursday,0,0,,28.5,6.4,0,1,12.49,0.0,0,none,12.49,99,0
112,2024-01-12,2,Friday,0,0,,27.6,2.2,0,0,14.03,0.2,1,flyer,11.22,106,1
113,2024-01-13,2,Saturday,1,0,,28.3,6.6,0,1,14.88,0.3,1,flyer,10.42,163,1
114,2024-01-14,2,Sunday,1,0,,27.9,5.3,0,1,12.38,0.0,0,none,12.38,116,1
115,2024-01-15,2,Monday,0,0,,27.1,5.0,0,1,12.54,0.3,1,digital,8.78,126,1
116,2024-01-16,2,Tuesday,0,0,,27.4,0.0,0,0,10.77,0.0,0,none,10.77,106,1
117,2024-01-17,2,Wednesday,0,0,,33.6,0.0,1,0,11.68,0.0,0,none,11.68,115,1
118,2024-01-18,2,Thursday,0,0,,29.5,7.4,0,1,12.36,0.0,0,none,12.36,101,1
119,2024-01-19,2,Friday,0,0,,24.5,0.0,0,0,14.83,0.2,1,digital,11.86,127,1
120,2024-01-20,2,Saturday,1,0,,26.8,3.3,0,0,14.21,0.0,0,none,14.21,114,1
121,2024-01-21,2,Sunday,1,0,,28.7,1.4,0,0,10.82,0.0,0,none,10.82,118,1
122,2024-01-22,2,Monday,0,0,,27.2,4.2,0,0,14.39,0.0,0,none,14.39,117,1
123,2024-01-23,2,Tuesday,0,0,,30.4,1.4,0,0,11.88,0.0,0,none,11.88,85,0
124,2024-01-24,2,Wednesday,0,0,,27.3,3.1,0,0,14.5,0.0,0,none,14.5,113,1
125,2024-01-25,2,Thursday,0,0,,29.7,0.0,0,0,10.58,0.3,1,bundle,7.41,137,1
126,2024-01-26,2,Friday,0,0,,29.1,0.0,0,0,12.67,0.1,1,display,11.4,109,1
127,2024-01-27,2,Saturday,1,0,,28.4,4.0,0,0,11.56,0.0,0,none,11.56,122,1
128,2024-01-28,2,Sunday,1,0,,26.3,3.3,0,0,11.71,0.3,1,flyer,8.2,153,1
129,2024-01-29,2,Monday,0,0,,30.6,1.2,0,0,11.15,0.0,0,none,11.15,108,1
130,2024-01-30,2,Tuesday,0,0,,29.9,8.5,0,1,11.26,0.0,0,none,11.26,103,1
131,2024-01-31,2,Wednesday,0,0,,25.9,0.9,0,0,12.0,0.2,1,flyer,9.6,129,1
132,2024-02-01,2,Thursday,0,0,,29.9,4.1,0,0,13.06,0.0,0,none,13.06,91,0
133,2024-02-02,2,Friday,0,0,,30.2,5.9,0,1,14.61,0.0,0,none,14.61,89,0
134,2024-02-03,2,Saturday,1,0,,30.9,10.5,0,1,13.68,0.0,0,none,13.68,120,1
135,2024-02-04,2,Sunday,1,0,,28.0,2.5,0,0,10.62,0.2,1,digital,8.5,163,1
136,2024-02-05,2,Monday,0,0,,31.0,0.6,0,0,14.01,0.0,0,none,14.01,99,0
137,2024-02-06,2,Tuesday,0,0,,31.7,0.0,0,0,11.73,0.2,1,bundle,9.38,121,1
138,2024-02-07,2,Wednesday,0,0,,33.3,2.0,1,0,10.88,0.0,0,none,10.88,108,1
139,2024-02-08,2,Thursday,0,0,,24.6,2.8,0,0,12.9,0.1,1,display,11.61,104,1
140,2024-02-09,2,Friday,0,0,,31.0,0.0,0,0,12.98,0.1,1,bundle,11.68,111,1
141,2024-02-10,2,Saturday,1,1,Holiday_A,30.0,2.9,0,0,14.49,0.0,0,none,14.49,145,1
142,2024-02-11,2,Sunday,1,0,,28.9,2.9,0,0,10.33,0.0,0,none,10.33,111,1
143,2024-02-12,2,Monday,0,0,,29.5,9.0,0,1,12.2,0.0,0,none,12.2,105,1
144,2024-02-13,2,Tuesday,0,0,,25.9,1.6,0,0,11.87,0.3,1,bundle,8.31,133,1
145,2024-02-14,2,Wednesday,0,0,,31.7,0.0,0,0,10.13,0.0,0,none,10.13,104,1
146,2024-02-15,2,Thursday,0,0,,28.5,2.6,0,0,11.16,0.0,0,none,11.16,100,1
147,2024-02-16,2,Friday,0,0,,30.2,2.5,0,0,13.26,0.0,0,none,13.26,97,0
148,2024-02-17,2,Saturday,1,0,,29.5,6.3,0,1,11.99,0.3,1,digital,8.39,141,1
149,2024-02-18,2,Sunday,1,0,,27.8,5.5,0,1,14.48,0.0,0,none,14.48,112,1
150,2024-02-19,2,Monday,0,0,,27.5,6.7,0,1,14.13,0.3,1,flyer,9.89,128,1
151,2024-02-20,2,Tuesday,0,0,,29.3,2.6,0,0,13.87,0.1,1,flyer,12.48,120,1
152,2024-02-21,2,Wednesday,0,0,,29.3,1.6,0,0,14.93,0.0,0,none,14.93,102,1
153,2024-02-22,2,Thursday,0,0,,27.3,2.5,0,0,12.56,0.0,0,none,12.56,107,1
154,2024-02-23,2,Friday,0,0,,32.1,0.0,1,0,12.11,0.0,0,none,12.11,116,1
155,2024-02-24,2,Saturday,1,1,Holiday_B,32.2,7.6,1,1,12.88,0.1,1,flyer,11.59,194,1
156,2024-02-25,2,Sunday,1,0,,26.6,7.1,0,1,10.05,0.0,0,none,10.05,113,1
157,2024-02-26,2,Monday,0,0,,30.5,6.9,0,1,13.33,0.0,0,none,13.33,80,0
158,2024-02-27,2,Tuesday,0,0,,27.4,0.5,0,0,13.69,0.0,0,none,13.69,100,1
159,2024-02-28,2,Wednesday,0,0,,30.4,0.0,0,0,11.95,0.0,0,none,11.95,93,0
160,2024-02-29,2,Thursday,0,0,,27.3,0.0,0,0,12.38,0.0,0,none,12.38,108,1
161,2024-03-01,2,Friday,0,1,Holiday_C,33.0,3.7,1,0,11.07,0.0,0,none,11.07,151,1
162,2024-03-02,2,Saturday,1,0,,32.2,13.2,1,1,13.85,0.0,0,none,13.85,130,1
163,2024-03-03,2,Sunday,1,0,,31.9,10.1,0,1,12.17,0.0,0,none,12.17,115,1
164,2024-03-04,2,Monday,0,0,,30.9,5.5,0,1,12.95,0.0,0,none,12.95,103,1
165,2024-03-05,2,Tuesday,0,0,,30.5,2.0,0,0,14.75,0.1,1,display,13.28,101,1
166,2024-03-06,2,Wednesday,0,0,,31.5,7.3,0,1,14.03,0.0,0,none,14.03,96,0
167,2024-03-07,2,Thursday,0,0,,34.6,7.2,1,1,12.45,0.1,1,flyer,11.2,131,1
168,2024-03-08,2,Friday,0,0,,32.4,4.1,1,0,13.49,0.2,1,bundle,10.79,139,1
169,2024-03-09,2,Saturday,1,0,,32.9,2.1,1,0,12.37,0.3,1,display,8.66,188,1
170,2024-03-10,2,Sunday,1,0,,32.1,6.8,1,1,12.98,0.0,0,none,12.98,127,1
171,2024-03-11,2,Monday,0,0,,31.1,1.8,0,0,13.48,0.0,0,none,13.48,110,1
172,2024-03-12,2,Tuesday,0,0,,30.2,2.3,0,0,13.95,0.0,0,none,13.95,96,0
173,2024-03-13,2,Wednesday,0,0,,34.1,0.0,1,0,11.16,0.2,1,digital,8.93,155,1
174,2024-03-14,2,Thursday,0,0,,32.1,7.9,1,1,12.4,0.0,0,none,12.4,109,1
175,2024-03-15,2,Friday,0,0,,33.8,4.3,1,0,12.09,0.2,1,flyer,9.67,161,1
176,2024-03-16,2,Saturday,1,0,,31.0,1.3,0,0,11.44,0.0,0,none,11.44,113,1
177,2024-03-17,2,Sunday,1,0,,30.0,0.0,0,0,10.09,0.0,0,none,10.09,115,1
178,2024-03-18,2,Monday,0,0,,32.5,9.2,1,1,14.75,0.0,0,none,14.75,106,1
179,2024-03-19,2,Tuesday,0,0,,34.0,2.1,1,0,13.07,0.3,1,flyer,9.15,173,1
180,2024-03-20,2,Wednesday,0,0,,35.2,0.0,1,0,11.1,0.0,0,none,11.1,121,1
181,2024-03-21,2,Thursday,0,0,,33.1,0.5,1,0,10.29,0.0,0,none,10.29,117,1
182,2024-03-22,2,Friday,0,0,,29.7,6.2,0,1,14.08,0.0,0,none,14.08,103,1
183,2024-03-23,2,Saturday,1,0,,30.6,0.2,0,0,12.96,0.0,0,none,12.96,108,1
184,2024-03-24,2,Sunday,1,0,,32.3,1.5,1,0,14.44,0.0,0,none,14.44,143,1
185,2024-03-25,2,Monday,0,0,,33.1,7.3,1,1,10.43,0.0,0,none,10.43,100,1
186,2024-03-26,2,Tuesday,0,0,,29.5,6.5,0,1,10.41,0.0,0,none,10.41,87,0
187,2024-03-27,2,Wednesday,0,0,,33.4,0.0,1,0,14.26,0.0,0,none,14.26,92,0
188,2024-03-28,2,Thursday,0,0,,30.3,7.8,0,1,13.39,0.0,0,none,13.39,98,0
189,2024-03-29,2,Friday,0,0,,28.7,4.9,0,0,13.29,0.3,1,digital,9.3,143,1
190,2024-03-30,2,Saturday,1,0,,33.0,7.3,1,1,13.76,0.0,0,none,13.76,140,1
191,2024-03-31,2,Sunday,1,0,,31.7,3.6,0,0,13.72,0.0,0,none,13.72,118,1
192,2024-04-01,2,Monday,0,0,,34.2,3.1,1,0,11.44,0.0,0,none,11.44,130,1
193,2024-04-02,2,Tuesday,0,0,,35.4,3.2,1,0,11.3,0.0,0,none,11.3,125,1
194,2024-04-03,2,Wednesday,0,0,,39.3,1.8,1,0,14.81,0.2,1,display,11.85,151,1
195,2024-04-04,2,Thursday,0,0,,37.4,0.0,1,0,14.69,0.1,1,flyer,13.22,131,1
196,2024-04-05,2,Friday,0,0,,35.4,7.3,1,1,12.91,0.0,0,none,12.91,106,1
197,2024-04-06,2,Saturday,1,1,Holiday_D,37.4,0.0,1,0,14.36,0.0,0,none,14.36,175,1
198,2024-04-07,2,Sunday,1,0,,35.8,9.3,1,1,12.23,0.0,0,none,12.23,131,1
199,2024-04-08,2,Monday,0,1,Holiday_E,32.1,0.0,1,0,13.97,0.0,0,none,13.97,148,1
200,2024-04-09,2,Tuesday,0,0,,36.4,4.0,1,0,11.37,0.0,0,none,11.37,115,1
201,2024-01-01,3,Monday,0,1,New Year,29.3,2.6,0,0,13.19,0.0,0,none,13.19,144,1
202,2024-01-02,3,Tuesday,0,0,,26.6,2.8,0,0,11.07,0.3,1,flyer,7.75,165,1
203,2024-01-03,3,Wednesday,0,0,,28.1,2.1,0,0,14.32,0.0,0,none,14.32,124,1
204,2024-01-04,3,Thursday,0,0,,27.9,4.1,0,0,14.22,0.3,1,bundle,9.95,161,1
205,2024-01-05,3,Friday,0,0,,29.3,8.3,0,1,10.16,0.0,0,none,10.16,116,1
206,2024-01-06,3,Saturday,1,0,,29.4,2.6,0,0,10.63,0.0,0,none,10.63,150,1
207,2024-01-07,3,Sunday,1,0,,26.6,10.2,0,1,12.46,0.0,0,none,12.46,132,1
208,2024-01-08,3,Monday,0,0,,26.6,6.4,0,1,12.28,0.0,0,none,12.28,109,1
209,2024-01-09,3,Tuesday,0,0,,27.1,0.0,0,0,11.46,0.0,0,none,11.46,126,1
210,2024-01-10,3,Wednesday,0,0,,28.9,0.0,0,0,14.93,0.0,0,none,14.93,120,1
211,2024-01-11,3,Thursday,0,0,,28.0,0.0,0,0,13.51,0.0,0,none,13.51,118,1
212,2024-01-12,3,Friday,0,0,,28.1,3.8,0,0,11.75,0.0,0,none,11.75,104,1
213,2024-01-13,3,Saturday,1,0,,26.0,1.9,0,0,13.45,0.0,0,none,13.45,133,1
214,2024-01-14,3,Sunday,1,0,,29.1,8.6,0,1,14.68,0.0,0,none,14.68,138,1
215,2024-01-15,3,Monday,0,0,,28.1,0.4,0,0,14.35,0.0,0,none,14.35,127,1
216,2024-01-16,3,Tuesday,0,0,,29.3,7.2,0,1,14.47,0.0,0,none,14.47,110,1
217,2024-01-17,3,Wednesday,0,0,,30.6,3.8,0,0,13.22,0.0,0,none,13.22,134,1
218,2024-01-18,3,Thursday,0,0,,28.4,0.4,0,0,14.88,0.2,1,bundle,11.9,145,1
219,2024-01-19,3,Friday,0,0,,25.9,0.9,0,0,12.49,0.3,1,digital,8.74,177,1
220,2024-01-20,3,Saturday,1,0,,28.9,3.2,0,0,13.4,0.0,0,none,13.4,139,1
221,2024-01-21,3,Sunday,1,0,,27.5,0.0,0,0,13.71,0.3,1,flyer,9.6,173,1
222,2024-01-22,3,Monday,0,0,,26.2,0.0,0,0,12.43,0.0,0,none,12.43,136,1
223,2024-01-23,3,Tuesday,0,0,,24.7,0.7,0,0,14.56,0.0,0,none,14.56,124,1
224,2024-01-24,3,Wednesday,0,0,,25.5,8.5,0,1,13.58,0.0,0,none,13.58,120,1
225,2024-01-25,3,Thursday,0,0,,28.6,1.8,0,0,11.24,0.0,0,none,11.24,119,1
226,2024-01-26,3,Friday,0,0,,30.1,0.0,0,0,10.82,0.0,0,none,10.82,122,1
227,2024-01-27,3,Saturday,1,0,,28.7,2.7,0,0,13.28,0.0,0,none,13.28,147,1
228,2024-01-28,3,Sunday,1,0,,26.6,0.0,0,0,10.85,0.0,0,none,10.85,136,1
229,2024-01-29,3,Monday,0,0,,23.8,4.0,0,0,11.24,0.1,1,display,10.12,146,1
230,2024-01-30,3,Tuesday,0,0,,29.7,1.6,0,0,13.68,0.0,0,none,13.68,117,1
231,2024-01-31,3,Wednesday,0,0,,27.4,11.3,0,1,12.79,0.3,1,bundle,8.95,151,1
232,2024-02-01,3,Thursday,0,0,,30.1,0.0,0,0,10.44,0.0,0,none,10.44,125,1
233,2024-02-02,3,Friday,0,0,,30.4,0.0,0,0,11.99,0.0,0,none,11.99,136,1
234,2024-02-03,3,Saturday,1,0,,29.6,3.3,0,0,12.61,0.0,0,none,12.61,141,1
235,2024-02-04,3,Sunday,1,0,,30.9,0.0,0,0,10.66,0.0,0,none,10.66,132,1
236,2024-02-05,3,Monday,0,0,,31.0,5.4,0,1,11.17,0.0,0,none,11.17,108,1
237,2024-02-06,3,Tuesday,0,0,,29.8,2.9,0,0,14.15,0.0,0,none,14.15,123,1
238,2024-02-07,3,Wednesday,0,0,,31.0,3.8,0,0,14.7,0.1,1,bundle,13.23,132,1
239,2024-02-08,3,Thursday,0,0,,31.0,7.0,0,1,11.74,0.0,0,none,11.74,117,1
240,2024-02-09,3,Friday,0,0,,27.8,6.2,0,1,10.45,0.1,1,display,9.4,124,1
241,2024-02-10,3,Saturday,1,1,Holiday_A,28.8,1.7,0,0,13.83,0.0,0,none,13.83,179,1
242,2024-02-11,3,Sunday,1,0,,31.5,6.2,0,1,11.48,0.0,0,none,11.48,128,1
243,2024-02-12,3,Monday,0,0,,27.3,7.7,0,1,13.05,0.0,0,none,13.05,98,0
244,2024-02-13,3,Tuesday,0,0,,32.1,11.8,1,1,12.22,0.0,0,none,12.22,146,1
245,2024-02-14,3,Wednesday,0,0,,30.1,2.1,0,0,13.21,0.0,0,none,13.21,120,1
246,2024-02-15,3,Thursday,0,0,,33.2,5.5,1,1,11.71,0.1,1,display,10.54,154,1
247,2024-02-16,3,Friday,0,0,,27.2,0.0,0,0,12.67,0.0,0,none,12.67,131,1
248,2024-02-17,3,Saturday,1,0,,31.1,5.4,0,1,10.98,0.1,1,display,9.88,154,1
249,2024-02-18,3,Sunday,1,0,,29.5,4.6,0,0,14.67,0.3,1,digital,10.27,182,1
250,2024-02-19,3,Monday,0,0,,29.4,0.0,0,0,11.54,0.0,0,none,11.54,119,1
251,2024-02-20,3,Tuesday,0,0,,30.4,8.6,0,1,13.05,0.0,0,none,13.05,106,1
252,2024-02-21,3,Wednesday,0,0,,31.9,0.0,0,0,13.41,0.0,0,none,13.41,118,1
253,2024-02-22,3,Thursday,0,0,,30.2,0.0,0,0,10.53,0.0,0,none,10.53,107,1
254,2024-02-23,3,Friday,0,0,,30.9,2.9,0,0,10.22,0.1,1,digital,9.2,139,1
255,2024-02-24,3,Saturday,1,1,Holiday_B,30.9,3.6,0,0,14.1,0.0,0,none,14.1,177,1
256,2024-02-25,3,Sunday,1,0,,30.8,5.0,0,1,14.2,0.0,0,none,14.2,121,1
257,2024-02-26,3,Monday,0,0,,29.4,6.0,0,1,13.9,0.0,0,none,13.9,120,1
258,2024-02-27,3,Tuesday,0,0,,28.9,10.3,0,1,13.12,0.0,0,none,13.12,107,1
259,2024-02-28,3,Wednesday,0,0,,34.4,0.0,1,0,13.68,0.0,0,none,13.68,141,1
260,2024-02-29,3,Thursday,0,0,,30.9,7.9,0,1,11.16,0.0,0,none,11.16,127,1
261,2024-03-01,3,Friday,0,1,Holiday_C,34.9,0.0,1,0,14.94,0.0,0,none,14.94,191,1
262,2024-03-02,3,Saturday,1,0,,30.5,0.0,0,0,13.46,0.0,0,none,13.46,123,1
263,2024-03-03,3,Sunday,1,0,,32.6,0.9,1,0,11.37,0.0,0,none,11.37,157,1
264,2024-03-04,3,Monday,0,0,,30.6,0.7,0,0,10.34,0.0,0,none,10.34,118,1
265,2024-03-05,3,Tuesday,0,0,,30.8,5.8,0,1,14.4,0.0,0,none,14.4,118,1
266,2024-03-06,3,Wednesday,0,0,,36.2,0.0,1,0,14.97,0.0,0,none,14.97,134,1
267,2024-03-07,3,Thursday,0,0,,33.4,10.8,1,1,12.33,0.0,0,none,12.33,138,1
268,2024-03-08,3,Friday,0,0,,30.6,0.0,0,0,10.48,0.0,0,none,10.48,125,1
269,2024-03-09,3,Saturday,1,0,,35.2,1.8,1,0,13.32,0.0,0,none,13.32,161,1
270,2024-03-10,3,Sunday,1,0,,29.2,3.3,0,0,13.12,0.1,1,digital,11.81,161,1
271,2024-03-11,3,Monday,0,0,,32.4,1.8,1,0,14.13,0.0,0,none,14.13,150,1
272,2024-03-12,3,Tuesday,0,0,,33.9,0.0,1,0,14.68,0.0,0,none,14.68,133,1
273,2024-03-13,3,Wednesday,0,0,,28.3,5.0,0,1,12.24,0.0,0,none,12.24,117,1
274,2024-03-14,3,Thursday,0,0,,37.0,3.0,1,0,11.04,0.1,1,digital,9.94,168,1
275,2024-03-15,3,Friday,0,0,,31.1,7.7,0,1,14.03,0.2,1,flyer,11.22,136,1
276,2024-03-16,3,Saturday,1,0,,34.0,2.3,1,0,13.47,0.0,0,none,13.47,160,1
277,2024-03-17,3,Sunday,1,0,,32.1,3.0,1,0,14.11,0.0,0,none,14.11,165,1
278,2024-03-18,3,Monday,0,0,,33.6,8.6,1,1,12.51,0.0,0,none,12.51,141,1
279,2024-03-19,3,Tuesday,0,0,,29.9,1.8,0,0,10.34,0.0,0,none,10.34,120,1
280,2024-03-20,3,Wednesday,0,0,,33.1,2.7,1,0,12.53,0.0,0,none,12.53,148,1
281,2024-03-21,3,Thursday,0,0,,30.1,2.4,0,0,11.08,0.0,0,none,11.08,132,1
282,2024-03-22,3,Friday,0,0,,34.4,2.1,1,0,14.97,0.0,0,none,14.97,156,1
283,2024-03-23,3,Saturday,1,0,,32.3,1.7,1,0,10.71,0.3,1,display,7.5,222,1
284,2024-03-24,3,Sunday,1,0,,30.6,4.2,0,0,12.55,0.0,0,none,12.55,133,1
285,2024-03-25,3,Monday,0,0,,28.9,6.6,0,1,12.64,0.0,0,none,12.64,106,1
286,2024-03-26,3,Tuesday,0,0,,31.6,2.5,0,0,11.84,0.0,0,none,11.84,128,1
287,2024-03-27,3,Wednesday,0,0,,34.4,1.7,1,0,13.85,0.0,0,none,13.85,144,1
288,2024-03-28,3,Thursday,0,0,,31.7,1.4,0,0,13.8,0.0,0,none,13.8,120,1
289,2024-03-29,3,Friday,0,0,,32.2,0.0,1,0,10.06,0.0,0,none,10.06,136,1
290,2024-03-30,3,Saturday,1,0,,31.9,0.0,0,0,12.44,0.3,1,display,8.71,204,1
291,2024-03-31,3,Sunday,1,0,,31.1,0.0,0,0,12.38,0.0,0,none,12.38,127,1
292,2024-04-01,3,Monday,0,0,,31.8,8.9,0,1,13.93,0.1,1,digital,12.54,126,1
293,2024-04-02,3,Tuesday,0,0,,37.3,0.0,1,0,11.27,0.0,0,none,11.27,143,1
294,2024-04-03,3,Wednesday,0,0,,36.8,8.6,1,1,14.45,0.1,1,bundle,13.0,163,1
295,2024-04-04,3,Thursday,0,0,,37.0,2.5,1,0,14.94,0.0,0,none,14.94,139,1
296,2024-04-05,3,Friday,0,0,,34.8,7.4,1,1,10.18,0.0,0,none,10.18,141,1
297,2024-04-06,3,Saturday,1,1,Holiday_D,30.1,3.7,0,0,14.96,0.0,0,none,14.96,175,1
298,2024-04-07,3,Sunday,1,0,,37.4,8.0,1,1,10.41,0.2,1,flyer,8.33,177,1
299,2024-04-08,3,Monday,0,1,Holiday_E,36.9,3.1,1,0,11.91,0.1,1,display,10.72,207,1
300,2024-04-09,3,Tuesday,0,0,,34.5,8.3,1,1,12.65,0.0,0,none,12.65,141,1
301,2024-01-01,4,Monday,0,1,New Year,26.7,6.7,0,1,12.91,0.2,1,display,10.33,144,1
302,2024-01-02,4,Tuesday,0,0,,29.2,0.0,0,0,14.64,0.0,0,none,14.64,93,0
303,2024-01-03,4,Wednesday,0,0,,26.8,0.0,0,0,12.2,0.0,0,none,12.2,95,0
304,2024-01-04,4,Thursday,0,0,,28.3,1.1,0,0,14.43,0.0,0,none,14.43,87,0
305,2024-01-05,4,Friday,0,0,,25.3,6.7,0,1,14.23,0.3,1,bundle,9.96,115,1
306,2024-01-06,4,Saturday,1,0,,28.6,2.0,0,0,10.9,0.2,1,bundle,8.72,141,1
307,2024-01-07,4,Sunday,1,0,,27.7,1.5,0,0,12.7,0.1,1,flyer,11.43,112,1
308,2024-01-08,4,Monday,0,0,,28.6,0.6,0,0,10.75,0.3,1,bundle,7.52,125,1
309,2024-01-09,4,Tuesday,0,0,,26.1,0.0,0,0,13.06,0.1,1,digital,11.75,102,1
310,2024-01-10,4,Wednesday,0,0,,26.3,2.3,0,0,12.79,0.0,0,none,12.79,98,0
311,2024-01-11,4,Thursday,0,0,,29.2,6.1,0,1,14.4,0.3,1,digital,10.08,106,1
312,2024-01-12,4,Friday,0,0,,30.2,6.0,0,1,13.44,0.0,0,none,13.44,90,0
313,2024-01-13,4,Saturday,1,0,,29.4,0.0,0,0,14.24,0.0,0,none,14.24,106,1
314,2024-01-14,4,Sunday,1,0,,28.6,6.1,0,1,12.35,0.3,1,bundle,8.64,143,1
315,2024-01-15,4,Monday,0,0,,25.9,3.0,0,0,13.22,0.0,0,none,13.22,85,0
316,2024-01-16,4,Tuesday,0,0,,29.3,4.6,0,0,10.89,0.0,0,none,10.89,83,0
317,2024-01-17,4,Wednesday,0,0,,27.2,0.0,0,0,14.37,0.0,0,none,14.37,104,1
318,2024-01-18,4,Thursday,0,0,,28.2,2.1,0,0,10.26,0.0,0,none,10.26,87,0
319,2024-01-19,4,Friday,0,0,,33.0,1.6,1,0,10.11,0.0,0,none,10.11,117,1
320,2024-01-20,4,Saturday,1,0,,25.2,4.8,0,0,14.91,0.0,0,none,14.91,97,0
321,2024-01-21,4,Sunday,1,0,,29.1,1.0,0,0,11.87,0.0,0,none,11.87,106,1
322,2024-01-22,4,Monday,0,0,,26.8,0.4,0,0,14.01,0.0,0,none,14.01,80,0
323,2024-01-23,4,Tuesday,0,0,,29.5,6.5,0,1,10.87,0.0,0,none,10.87,85,0
324,2024-01-24,4,Wednesday,0,0,,32.5,5.2,1,1,12.86,0.3,1,bundle,9.0,132,1
325,2024-01-25,4,Thursday,0,0,,25.5,4.4,0,0,11.67,0.0,0,none,11.67,86,0
326,2024-01-26,4,Friday,0,0,,29.5,0.0,0,0,12.15,0.2,1,bundle,9.72,113,1
327,2024-01-27,4,Saturday,1,0,,29.0,0.9,0,0,12.41,0.0,0,none,12.41,103,1
328,2024-01-28,4,Sunday,1,0,,31.5,9.6,0,1,13.05,0.2,1,flyer,10.44,118,1
329,2024-01-29,4,Monday,0,0,,28.8,0.7,0,0,14.78,0.0,0,none,14.78,82,0
330,2024-01-30,4,Tuesday,0,0,,26.2,4.4,0,0,11.36,0.0,0,none,11.36,88,0
331,2024-01-31,4,Wednesday,0,0,,27.4,9.3,0,1,14.27,0.1,1,display,12.84,97,0
332,2024-02-01,4,Thursday,0,0,,29.0,0.0,0,0,13.86,0.0,0,none,13.86,96,0
333,2024-02-02,4,Friday,0,0,,29.7,2.1,0,0,12.74,0.0,0,none,12.74,99,0
334,2024-02-03,4,Saturday,1,0,,29.2,5.2,0,1,14.9,0.0,0,none,14.9,108,1
335,2024-02-04,4,Sunday,1,0,,30.9,0.2,0,0,11.69,0.0,0,none,11.69,106,1
336,2024-02-05,4,Monday,0,0,,29.7,0.0,0,0,12.73,0.0,0,none,12.73,89,0
337,2024-02-06,4,Tuesday,0,0,,32.0,0.0,1,0,13.06,0.1,1,display,11.75,125,1
338,2024-02-07,4,Wednesday,0,0,,29.1,0.0,0,0,11.08,0.0,0,none,11.08,88,0
339,2024-02-08,4,Thursday,0,0,,33.3,2.0,1,0,13.93,0.0,0,none,13.93,106,1
340,2024-02-09,4,Friday,0,0,,28.4,0.0,0,0,13.79,0.2,1,bundle,11.03,111,1
341,2024-02-10,4,Saturday,1,1,Holiday_A,30.7,0.0,0,0,11.28,0.0,0,none,11.28,135,1
342,2024-02-11,4,Sunday,1,0,,31.3,4.5,0,0,10.47,0.0,0,none,10.47,116,1
343,2024-02-12,4,Monday,0,0,,27.4,0.0,0,0,13.99,0.0,0,none,13.99,84,0
344,2024-02-13,4,Tuesday,0,0,,25.7,0.0,0,0,10.98,0.0,0,none,10.98,88,0
345,2024-02-14,4,Wednesday,0,0,,32.5,0.2,1,0,11.56,0.0,0,none,11.56,99,0
346,2024-02-15,4,Thursday,0,0,,31.1,3.2,0,0,12.79,0.0,0,none,12.79,98,0
347,2024-02-16,4,Friday,0,0,,30.8,0.0,0,0,14.49,0.0,0,none,14.49,90,0
348,2024-02-17,4,Saturday,1,0,,27.4,1.3,0,0,13.66,0.0,0,none,13.66,104,1
349,2024-02-18,4,Sunday,1,0,,28.9,6.8,0,1,14.28,0.2,1,flyer,11.42,125,1
350,2024-02-19,4,Monday,0,0,,28.9,0.0,0,0,11.62,0.0,0,none,11.62,90,0
351,2024-02-20,4,Tuesday,0,0,,28.3,4.5,0,0,10.47,0.0,0,none,10.47,86,0
352,2024-02-21,4,Wednesday,0,0,,27.5,4.9,0,0,13.8,0.0,0,none,13.8,88,0
353,2024-02-22,4,Thursday,0,0,,27.3,7.3,0,1,14.1,0.0,0,none,14.1,86,0
354,2024-02-23,4,Friday,0,0,,32.1,1.2,1,0,13.6,0.0,0,none,13.6,106,1
355,2024-02-24,4,Saturday,1,1,Holiday_B,31.7,2.3,0,0,10.96,0.0,0,none,10.96,125,1
356,2024-02-25,4,Sunday,1,0,,34.0,9.3,1,1,11.27,0.2,1,bundle,9.02,150,1
357,2024-02-26,4,Monday,0,0,,29.4,0.3,0,0,13.41,0.0,0,none,13.41,94,0
358,2024-02-27,4,Tuesday,0,0,,28.0,2.1,0,0,11.8,0.3,1,flyer,8.26,118,1
359,2024-02-28,4,Wednesday,0,0,,32.9,0.9,1,0,14.04,0.1,1,bundle,12.64,128,1
360,2024-02-29,4,Thursday,0,0,,30.7,0.0,0,0,11.91,0.0,0,none,11.91,79,0
361,2024-03-01,4,Friday,0,1,Holiday_C,31.5,0.0,0,0,10.09,0.3,1,digital,7.06,156,1
362,2024-03-02,4,Saturday,1,0,,31.9,5.2,0,1,13.11,0.1,1,bundle,11.8,117,1
363,2024-03-03,4,Sunday,1,0,,36.1,6.8,1,1,13.18,0.0,0,none,13.18,106,1
364,2024-03-04,4,Monday,0,0,,31.5,0.0,0,0,11.13,0.1,1,bundle,10.02,105,1
365,2024-03-05,4,Tuesday,0,0,,33.3,9.1,1,1,14.39,0.0,0,none,14.39,100,1
366,2024-03-06,4,Wednesday,0,0,,33.6,5.2,1,1,12.91,0.2,1,digital,10.33,145,1
367,2024-03-07,4,Thursday,0,0,,30.5,3.1,0,0,10.57,0.3,1,digital,7.4,130,1
368,2024-03-08,4,Friday,0,0,,33.0,3.8,1,0,12.15,0.0,0,none,12.15,116,1
369,2024-03-09,4,Saturday,1,0,,30.7,0.0,0,0,14.46,0.1,1,bundle,13.01,133,1
370,2024-03-10,4,Sunday,1,0,,29.8,7.9,0,1,11.19,0.0,0,none,11.19,112,1
371,2024-03-11,4,Monday,0,0,,30.1,3.1,0,0,12.44,0.0,0,none,12.44,93,0
372,2024-03-12,4,Tuesday,0,0,,32.3,8.9,1,1,13.17,0.0,0,none,13.17,107,1
373,2024-03-13,4,Wednesday,0,0,,31.8,2.3,0,0,12.36,0.0,0,none,12.36,88,0
374,2024-03-14,4,Thursday,0,0,,27.9,4.8,0,0,11.03,0.0,0,none,11.03,80,0
375,2024-03-15,4,Friday,0,0,,31.6,3.0,0,0,11.1,0.0,0,none,11.1,99,0
376,2024-03-16,4,Saturday,1,0,,30.8,4.9,0,0,14.66,0.0,0,none,14.66,125,1
377,2024-03-17,4,Sunday,1,0,,30.4,2.2,0,0,10.57,0.0,0,none,10.57,104,1
378,2024-03-18,4,Monday,0,0,,27.7,2.9,0,0,14.96,0.0,0,none,14.96,99,0
379,2024-03-19,4,Tuesday,0,0,,31.2,0.4,0,0,12.11,0.0,0,none,12.11,97,0
380,2024-03-20,4,Wednesday,0,0,,31.6,6.1,0,1,14.12,0.0,0,none,14.12,98,0
381,2024-03-21,4,Thursday,0,0,,32.3,0.5,1,0,10.57,0.0,0,none,10.57,101,1
382,2024-03-22,4,Friday,0,0,,27.6,0.0,0,0,13.76,0.0,0,none,13.76,88,0
383,2024-03-23,4,Saturday,1,0,,33.0,2.3,1,0,13.39,0.0,0,none,13.39,134,1
384,2024-03-24,4,Sunday,1,0,,28.5,3.8,0,0,13.7,0.2,1,bundle,10.96,134,1
385,2024-03-25,4,Monday,0,0,,34.6,3.5,1,0,13.47,0.2,1,display,10.78,114,1
386,2024-03-26,4,Tuesday,0,0,,35.1,2.3,1,0,11.08,0.2,1,display,8.86,128,1
387,2024-03-27,4,Wednesday,0,0,,34.7,2.4,1,0,11.94,0.0,0,none,11.94,106,1
388,2024-03-28,4,Thursday,0,0,,34.2,3.3,1,0,11.13,0.2,1,digital,8.9,127,1
389,2024-03-29,4,Friday,0,0,,30.1,0.0,0,0,13.8,0.0,0,none,13.8,89,0
390,2024-03-30,4,Saturday,1,0,,31.3,8.6,0,1,13.23,0.0,0,none,13.23,123,1
391,2024-03-31,4,Sunday,1,0,,31.7,4.7,0,0,11.89,0.0,0,none,11.89,107,1
392,2024-04-01,4,Monday,0,0,,37.7,7.9,1,1,12.8,0.0,0,none,12.8,103,1
393,2024-04-02,4,Tuesday,0,0,,35.1,4.7,1,0,10.5,0.0,0,none,10.5,94,0
394,2024-04-03,4,Wednesday,0,0,,32.1,0.0,1,0,10.65,0.0,0,none,10.65,104,1
395,2024-04-04,4,Thursday,0,0,,34.2,7.3,1,1,12.37,0.0,0,none,12.37,104,1
396,2024-04-05,4,Friday,0,0,,35.0,0.0,1,0,10.76,0.0,0,none,10.76,109,1
397,2024-04-06,4,Saturday,1,1,Holiday_D,40.3,0.0,1,0,11.23,0.0,0,none,11.23,158,1
398,2024-04-07,4,Sunday,1,0,,37.0,5.2,1,1,12.54,0.0,0,none,12.54,125,1
399,2024-04-08,4,Monday,0,1,Holiday_E,32.8,6.0,1,1,12.9,0.3,1,display,9.03,180,1
400,2024-04-09,4,Tuesday,0,0,,32.8,2.2,1,0,14.97,0.0,0,none,14.97,127,1
401,2024-01-01,5,Monday,0,1,New Year,28.6,6.6,0,1,13.1,0.0,0,none,13.1,132,1
402,2024-01-02,5,Tuesday,0,0,,25.4,2.9,0,0,11.14,0.0,0,none,11.14,105,1
403,2024-01-03,5,Wednesday,0,0,,28.5,10.1,0,1,13.95,0.1,1,flyer,12.56,119,1
404,2024-01-04,5,Thursday,0,0,,27.3,5.5,0,1,12.31,0.1,1,bundle,11.08,114,1
405,2024-01-05,5,Friday,0,0,,28.0,4.6,0,0,11.88,0.3,1,bundle,8.32,142,1
406,2024-01-06,5,Saturday,1,0,,26.7,0.6,0,0,12.46,0.0,0,none,12.46,137,1
407,2024-01-07,5,Sunday,1,0,,30.1,3.9,0,0,14.14,0.2,1,digital,11.31,160,1
408,2024-01-08,5,Monday,0,0,,31.0,7.7,0,1,14.42,0.3,1,bundle,10.09,140,1
409,2024-01-09,5,Tuesday,0,0,,29.2,0.0,0,0,14.63,0.0,0,none,14.63,110,1
410,2024-01-10,5,Wednesday,0,0,,27.2,7.5,0,1,10.67,0.0,0,none,10.67,112,1
411,2024-01-11,5,Thursday,0,0,,26.1,0.0,0,0,12.64,0.3,1,digital,8.85,149,1
412,2024-01-12,5,Friday,0,0,,27.3,0.5,0,0,14.69,0.0,0,none,14.69,112,1
413,2024-01-13,5,Saturday,1,0,,28.9,4.9,0,0,10.52,0.3,1,flyer,7.36,184,1
414,2024-01-14,5,Sunday,1,0,,26.6,6.8,0,1,11.53,0.0,0,none,11.53,111,1
415,2024-01-15,5,Monday,0,0,,32.2,6.1,1,1,13.49,0.0,0,none,13.49,129,1
416,2024-01-16,5,Tuesday,0,0,,29.6,2.5,0,0,13.55,0.0,0,none,13.55,97,0
417,2024-01-17,5,Wednesday,0,0,,25.8,5.5,0,1,11.46,0.3,1,digital,8.02,138,1
418,2024-01-18,5,Thursday,0,0,,26.6,3.2,0,0,11.1,0.1,1,display,9.99,120,1
419,2024-01-19,5,Friday,0,0,,31.0,1.1,0,0,13.6,0.0,0,none,13.6,109,1
420,2024-01-20,5,Saturday,1,0,,30.2,3.9,0,0,12.63,0.0,0,none,12.63,137,1
421,2024-01-21,5,Sunday,1,0,,24.9,2.1,0,0,11.45,0.0,0,none,11.45,118,1
422,2024-01-22,5,Monday,0,0,,28.3,3.9,0,0,10.79,0.0,0,none,10.79,113,1
423,2024-01-23,5,Tuesday,0,0,,26.1,6.7,0,1,10.51,0.0,0,none,10.51,109,1
424,2024-01-24,5,Wednesday,0,0,,26.8,5.8,0,1,10.02,0.2,1,digital,8.02,142,1
425,2024-01-25,5,Thursday,0,0,,29.7,0.0,0,0,10.51,0.0,0,none,10.51,99,0
426,2024-01-26,5,Friday,0,0,,26.4,1.1,0,0,12.17,0.3,1,bundle,8.52,157,1
427,2024-01-27,5,Saturday,1,0,,27.5,6.0,0,1,13.44,0.1,1,display,12.1,115,1
428,2024-01-28,5,Sunday,1,0,,27.7,8.7,0,1,10.83,0.0,0,none,10.83,128,1
429,2024-01-29,5,Monday,0,0,,29.9,7.9,0,1,13.38,0.3,1,display,9.37,160,1
430,2024-01-30,5,Tuesday,0,0,,27.2,0.0,0,0,10.55,0.3,1,bundle,7.38,149,1
431,2024-01-31,5,Wednesday,0,0,,30.5,5.5,0,1,14.29,0.0,0,none,14.29,106,1
432,2024-02-01,5,Thursday,0,0,,27.3,9.5,0,1,14.35,0.0,0,none,14.35,100,1
433,2024-02-02,5,Friday,0,0,,31.7,8.2,0,1,10.18,0.3,1,display,7.13,148,1
434,2024-02-03,5,Saturday,1,0,,29.7,4.5,0,0,13.57,0.1,1,digital,12.21,137,1
435,2024-02-04,5,Sunday,1,0,,30.4,2.4,0,0,11.84,0.0,0,none,11.84,113,1
436,2024-02-05,5,Monday,0,0,,30.2,0.0,0,0,10.62,0.0,0,none,10.62,101,1
437,2024-02-06,5,Tuesday,0,0,,29.6,0.0,0,0,12.65,0.0,0,none,12.65,109,1
438,2024-02-07,5,Wednesday,0,0,,30.0,5.2,0,1,13.39,0.0,0,none,13.39,104,1
439,2024-02-08,5,Thursday,0,0,,32.1,0.1,1,0,10.63,0.2,1,digital,8.5,162,1
440,2024-02-09,5,Friday,0,0,,30.4,6.9,0,1,11.74,0.0,0,none,11.74,99,0
441,2024-02-10,5,Saturday,1,1,Holiday_A,32.0,0.0,1,0,10.12,0.3,1,bundle,7.08,270,1
442,2024-02-11,5,Sunday,1,0,,30.5,2.1,0,0,11.51,0.0,0,none,11.51,138,1
443,2024-02-12,5,Monday,0,0,,29.8,0.0,0,0,12.37,0.0,0,none,12.37,110,1
444,2024-02-13,5,Tuesday,0,0,,30.5,0.0,0,0,10.7,0.0,0,none,10.7,105,1
445,2024-02-14,5,Wednesday,0,0,,32.6,5.2,1,1,10.73,0.0,0,none,10.73,129,1
446,2024-02-15,5,Thursday,0,0,,32.3,9.3,1,1,11.73,0.0,0,none,11.73,117,1
447,2024-02-16,5,Friday,0,0,,29.5,4.9,0,0,14.45,0.0,0,none,14.45,107,1
448,2024-02-17,5,Saturday,1,0,,30.3,0.0,0,0,14.79,0.0,0,none,14.79,143,1
449,2024-02-18,5,Sunday,1,0,,26.8,3.7,0,0,13.4,0.0,0,none,13.4,125,1
450,2024-02-19,5,Monday,0,0,,29.3,2.3,0,0,12.16,0.0,0,none,12.16,121,1
451,2024-02-20,5,Tuesday,0,0,,27.2,1.9,0,0,14.22,0.0,0,none,14.22,107,1
452,2024-02-21,5,Wednesday,0,0,,31.2,0.0,0,0,12.97,0.0,0,none,12.97,114,1
453,2024-02-22,5,Thursday,0,0,,30.4,0.4,0,0,14.54,0.3,1,display,10.18,153,1
454,2024-02-23,5,Friday,0,0,,30.0,0.4,0,0,13.59,0.0,0,none,13.59,114,1
455,2024-02-24,5,Saturday,1,1,Holiday_B,31.4,0.0,0,0,10.81,0.0,0,none,10.81,176,1
456,2024-02-25,5,Sunday,1,0,,30.7,1.7,0,0,11.79,0.0,0,none,11.79,126,1
457,2024-02-26,5,Monday,0,0,,27.5,5.4,0,1,14.24,0.0,0,none,14.24,101,1
458,2024-02-27,5,Tuesday,0,0,,30.5,1.3,0,0,13.31,0.0,0,none,13.31,109,1
459,2024-02-28,5,Wednesday,0,0,,29.3,0.4,0,0,14.6,0.0,0,none,14.6,105,1
460,2024-02-29,5,Thursday,0,0,,32.6,8.7,1,1,12.89,0.1,1,bundle,11.6,136,1
461,2024-03-01,5,Friday,0,1,Holiday_C,34.4,0.6,1,0,12.82,0.0,0,none,12.82,183,1
462,2024-03-02,5,Saturday,1,0,,29.5,0.2,0,0,14.2,0.3,1,flyer,9.94,167,1
463,2024-03-03,5,Sunday,1,0,,30.4,6.0,0,1,13.4,0.2,1,flyer,10.72,146,1
464,2024-03-04,5,Monday,0,0,,29.1,5.0,0,1,11.63,0.0,0,none,11.63,118,1
465,2024-03-05,5,Tuesday,0,0,,31.6,3.7,0,0,14.52,0.0,0,none,14.52,107,1
466,2024-03-06,5,Wednesday,0,0,,34.2,5.6,1,1,11.02,0.2,1,digital,8.82,160,1
467,2024-03-07,5,Thursday,0,0,,30.3,0.0,0,0,10.16,0.0,0,none,10.16,99,0
468,2024-03-08,5,Friday,0,0,,34.8,5.7,1,1,10.48,0.0,0,none,10.48,122,1
469,2024-03-09,5,Saturday,1,0,,33.8,6.0,1,1,14.12,0.0,0,none,14.12,121,1
470,2024-03-10,5,Sunday,1,0,,34.5,2.3,1,0,12.66,0.0,0,none,12.66,157,1
471,2024-03-11,5,Monday,0,0,,30.7,3.5,0,0,13.62,0.0,0,none,13.62,105,1
472,2024-03-12,5,Tuesday,0,0,,30.8,2.9,0,0,10.96,0.2,1,bundle,8.77,135,1
473,2024-03-13,5,Wednesday,0,0,,34.2,0.0,1,0,12.08,0.0,0,none,12.08,137,1
474,2024-03-14,5,Thursday,0,0,,34.8,0.0,1,0,11.68,0.0,0,none,11.68,125,1
475,2024-03-15,5,Friday,0,0,,33.4,0.0,1,0,10.75,0.0,0,none,10.75,122,1
476,2024-03-16,5,Saturday,1,0,,28.4,3.5,0,0,13.14,0.0,0,none,13.14,113,1
477,2024-03-17,5,Sunday,1,0,,27.5,1.8,0,0,10.65,0.3,1,display,7.46,184,1
478,2024-03-18,5,Monday,0,0,,32.6,0.0,1,0,10.8,0.3,1,digital,7.56,184,1
479,2024-03-19,5,Tuesday,0,0,,31.5,3.9,0,0,14.25,0.0,0,none,14.25,108,1
480,2024-03-20,5,Wednesday,0,0,,31.9,5.6,0,1,10.59,0.0,0,none,10.59,96,0
481,2024-03-21,5,Thursday,0,0,,33.5,7.6,1,1,12.75,0.0,0,none,12.75,124,1
482,2024-03-22,5,Friday,0,0,,28.1,0.0,0,0,13.91,0.1,1,bundle,12.52,124,1
483,2024-03-23,5,Saturday,1,0,,32.5,1.7,1,0,14.22,0.0,0,none,14.22,153,1
484,2024-03-24,5,Sunday,1,0,,30.2,10.5,0,1,12.7,0.0,0,none,12.7,120,1
485,2024-03-25,5,Monday,0,0,,28.4,0.4,0,0,10.59,0.0,0,none,10.59,111,1
486,2024-03-26,5,Tuesday,0,0,,32.5,7.2,1,1,14.08,0.0,0,none,14.08,137,1
487,2024-03-27,5,Wednesday,0,0,,30.4,3.0,0,0,14.68,0.0,0,none,14.68,99,0
488,2024-03-28,5,Thursday,0,0,,33.4,1.4,1,0,11.95,0.0,0,none,11.95,129,1
489,2024-03-29,5,Friday,0,0,,31.3,0.0,0,0,14.39,0.1,1,display,12.95,112,1
490,2024-03-30,5,Saturday,1,0,,33.2,0.3,1,0,13.39,0.0,0,none,13.39,150,1
491,2024-03-31,5,Sunday,1,0,,32.3,2.8,1,0,10.58,0.3,1,bundle,7.41,212,1
492,2024-04-01,5,Monday,0,0,,36.3,4.7,1,0,12.59,0.2,1,flyer,10.07,162,1
493,2024-04-02,5,Tuesday,0,0,,34.5,0.0,1,0,13.52,0.0,0,none,13.52,117,1
494,2024-04-03,5,Wednesday,0,0,,33.1,0.0,1,0,12.42,0.0,0,none,12.42,127,1
495,2024-04-04,5,Thursday,0,0,,33.2,0.0,1,0,14.84,0.0,0,none,14.84,126,1
496,2024-04-05,5,Friday,0,0,,35.4,0.8,1,0,13.12,0.0,0,none,13.12,130,1
497,2024-04-06,5,Saturday,1,1,Holiday_D,32.4,6.3,1,1,14.83,0.0,0,none,14.83,194,1
498,2024-04-07,5,Sunday,1,0,,32.7,6.3,1,1,11.36,0.0,0,none,11.36,157,1
499,2024-04-08,5,Monday,0,1,Holiday_E,37.0,4.1,1,0,10.77,0.2,1,display,8.62,211,1
500,2024-04-09,5,Tuesday,0,0,,35.6,9.7,1,1,12.04,0.0,0,none,12.04,131,1
